rebalance_date,signal_date,entry_date,holdings,n_holdings,n_sold,n_bought,turnover_est,cost,exposure,regime_scale,vol_scale,dd_scale,estimated_vol,regime_score,anchor_used,skipped_no_hold_dates,strategy,holdings_text,holding_count_from_text,year,month
2020-01-16,2020-01-16,2020-01-17,"['LRCX', 'MELI', 'NVDA', 'FTNT', 'KLAC', 'AMAT', 'JD', 'NFLX', 'AMD', 'MU']",10,0,10,1.0,0.0012,1.0,1.0,1.0,1.0,,,False,False,ML_Full_EW,"['LRCX', 'MELI', 'NVDA', 'FTNT', 'KLAC', 'AMAT', 'JD', 'NFLX', 'AMD', 'MU']",10,2020,2020-01
2020-01-31,2020-01-31,2020-02-03,"['KLAC', 'AMD', 'FTNT', 'AMAT', 'NVDA', 'AAPL', 'QCOM', 'JD', 'MU', 'MELI']",10,2,2,0.4,0.0004799999999999,1.0,1.0,1.0,1.0,,,False,False,ML_Full_EW,"['KLAC', 'AMD', 'FTNT', 'AMAT', 'NVDA', 'AAPL', 'QCOM', 'JD', 'MU', 'MELI']",10,2020,2020-01
2020-02-14,2020-02-14,2020-02-18,"['MU', 'KLAC', 'AVGO', 'MCHP', 'AMAT', 'NVDA', 'JD', 'AMD', 'QCOM', 'FTNT']",10,2,2,0.4,0.0004799999999999,1.0,1.0,1.0,1.0,,,False,False,ML_Full_EW,"['MU', 'KLAC', 'AVGO', 'MCHP', 'AMAT', 'NVDA', 'JD', 'AMD', 'QCOM', 'FTNT']",10,2020,2020-02
2020-03-02,2020-03-02,2020-03-03,"['AMD', 'AAPL', 'TSLA', 'MCHP', 'MU', 'JD', 'MELI', 'PANW', 'AMAT', 'NVDA']",10,4,4,0.8,0.0009599999999999,1.0,1.0,1.0,1.0,,,False,False,ML_Full_EW,"['AMD', 'AAPL', 'TSLA', 'MCHP', 'MU', 'JD', 'MELI', 'PANW', 'AMAT', 'NVDA']",10,2020,2020-03
2020-03-16,2020-03-16,2020-03-17,"['MCHP', 'AMAT', 'MU', 'LULU', 'TSLA', 'INTC', 'MELI', 'NVDA', 'AMD', 'AAPL']",10,2,2,0.4,0.0004799999999999,1.0,1.0,1.0,1.0,,,False,False,ML_Full_EW,"['MCHP', 'AMAT', 'MU', 'LULU', 'TSLA', 'INTC', 'MELI', 'NVDA', 'AMD', 'AAPL']",10,2020,2020-03
2020-03-30,2020-03-30,2020-03-31,"['AMAT', 'KLAC', 'LRCX', 'INTC', 'MCHP', 'TSLA', 'NVDA', 'MU', 'AMD', 'MELI']",10,2,2,0.4,0.0004799999999999,1.0,1.0,1.0,1.0,,,False,False,ML_Full_EW,"['AMAT', 'KLAC', 'LRCX', 'INTC', 'MCHP', 'TSLA', 'NVDA', 'MU', 'AMD', 'MELI']",10,2020,2020-03
2020-04-14,2020-04-14,2020-04-15,"['AMAT', 'NVDA', 'LRCX', 'WBD', 'MU', 'MELI', 'CSX', 'INTC', 'KLAC', 'MCHP']",10,2,2,0.4,0.0004799999999999,1.0,1.0,1.0,1.0,,,False,False,ML_Full_EW,"['AMAT', 'NVDA', 'LRCX', 'WBD', 'MU', 'MELI', 'CSX', 'INTC', 'KLAC', 'MCHP']",10,2020,2020-04
2020-04-28,2020-04-28,2020-04-29,"['ADI', 'AVGO', 'LRCX', 'AMAT', 'NVDA', 'MCHP', 'MELI', 'CTAS', 'MU', 'KLAC']",10,3,3,0.6,0.0007199999999999,1.0,1.0,1.0,1.0,,,False,False,ML_Full_EW,"['ADI', 'AVGO', 'LRCX', 'AMAT', 'NVDA', 'MCHP', 'MELI', 'CTAS', 'MU', 'KLAC']",10,2020,2020-04
2020-05-12,2020-05-12,2020-05-13,"['CTAS', 'MU', 'AVGO', 'PAYX', 'NVDA', 'LRCX', 'KLAC', 'MCHP', 'ADI', 'AMAT']",10,1,1,0.2,0.0002399999999999,1.0,1.0,1.0,1.0,,,False,False,ML_Full_EW,"['CTAS', 'MU', 'AVGO', 'PAYX', 'NVDA', 'LRCX', 'KLAC', 'MCHP', 'ADI', 'AMAT']",10,2020,2020-05
2020-05-27,2020-05-27,2020-05-28,"['CDNS', 'INTC', 'MU', 'KLAC', 'PAYX', 'AMD', 'ADI', 'AVGO', 'MCHP', 'AMAT']",10,3,3,0.6,0.0007199999999999,1.0,1.0,1.0,1.0,,,False,False,ML_Full_EW,"['CDNS', 'INTC', 'MU', 'KLAC', 'PAYX', 'AMD', 'ADI', 'AVGO', 'MCHP', 'AMAT']",10,2020,2020-05
2020-06-10,2020-06-10,2020-06-11,"['PAYX', 'WBD', 'CDNS', 'INTC', 'ADI', 'AVGO', 'FTNT', 'AMD', 'MU', 'AMAT']",10,2,2,0.4,0.0004799999999999,1.0,1.0,1.0,1.0,,,False,False,ML_Full_EW,"['PAYX', 'WBD', 'CDNS', 'INTC', 'ADI', 'AVGO', 'FTNT', 'AMD', 'MU', 'AMAT']",10,2020,2020-06
2020-06-24,2020-06-24,2020-06-25,"['AMD', 'DXCM', 'CDNS', 'ISRG', 'TSLA', 'MU', 'LRCX', 'WBD', 'PAYX', 'AMAT']",10,4,4,0.8,0.0009599999999999,1.0,1.0,1.0,1.0,,,False,False,ML_Full_EW,"['AMD', 'DXCM', 'CDNS', 'ISRG', 'TSLA', 'MU', 'LRCX', 'WBD', 'PAYX', 'AMAT']",10,2020,2020-06
2020-07-09,2020-07-09,2020-07-10,"['WBD', 'MU', 'AMAT', 'DXCM', 'AMD', 'LRCX', 'BKNG', 'ROST', 'ADI', 'TSLA']",10,3,3,0.6,0.0007199999999999,1.0,1.0,1.0,1.0,,,False,False,ML_Full_EW,"['WBD', 'MU', 'AMAT', 'DXCM', 'AMD', 'LRCX', 'BKNG', 'ROST', 'ADI', 'TSLA']",10,2020,2020-07
2020-07-23,2020-07-23,2020-07-24,"['NVDA', 'WBD', 'JD', 'DXCM', 'PYPL', 'BKNG', 'ADI', 'AMAT', 'LRCX', 'MU']",10,3,3,0.6,0.0007199999999999,1.0,1.0,1.0,1.0,,,False,False,ML_Full_EW,"['NVDA', 'WBD', 'JD', 'DXCM', 'PYPL', 'BKNG', 'ADI', 'AMAT', 'LRCX', 'MU']",10,2020,2020-07
2020-08-06,2020-08-06,2020-08-07,"['JD', 'WBD', 'AMAT', 'FTNT', 'MU', 'LRCX', 'DXCM', 'MCHP', 'NVDA', 'ADI']",10,2,2,0.4,0.0004799999999999,1.0,1.0,1.0,1.0,,,False,False,ML_Full_EW,"['JD', 'WBD', 'AMAT', 'FTNT', 'MU', 'LRCX', 'DXCM', 'MCHP', 'NVDA', 'ADI']",10,2020,2020-08
2020-08-20,2020-08-20,2020-08-21,"['WBD', 'DXCM', 'FTNT', 'NFLX', 'ROST', 'LRCX', 'MCHP', 'META', 'MU', 'NVDA']",10,3,3,0.6,0.0007199999999999,1.0,1.0,1.0,1.0,,,False,False,ML_Full_EW,"['WBD', 'DXCM', 'FTNT', 'NFLX', 'ROST', 'LRCX', 'MCHP', 'META', 'MU', 'NVDA']",10,2020,2020-08
2020-09-03,2020-09-03,2020-09-04,"['FTNT', 'AMZN', 'WBD', 'DXCM', 'AMD', 'ILMN', 'MELI', 'NFLX', 'NVDA', 'ROST']",10,4,4,0.8,0.0009599999999999,1.0,1.0,1.0,1.0,,,False,False,ML_Full_EW,"['FTNT', 'AMZN', 'WBD', 'DXCM', 'AMD', 'ILMN', 'MELI', 'NFLX', 'NVDA', 'ROST']",10,2020,2020-09
2020-09-18,2020-09-18,2020-09-21,"['AMD', 'AMZN', 'AAPL', 'FTNT', 'TSLA', 'NVDA', 'DXCM', 'MELI', 'NFLX', 'ILMN']",10,2,2,0.4,0.0004799999999999,1.0,1.0,1.0,1.0,,,False,False,ML_Full_EW,"['AMD', 'AMZN', 'AAPL', 'FTNT', 'TSLA', 'NVDA', 'DXCM', 'MELI', 'NFLX', 'ILMN']",10,2020,2020-09
2020-10-02,2020-10-02,2020-10-05,"['AAPL', 'CRM', 'TSLA', 'AMD', 'MELI', 'DXCM', 'FTNT', 'NVDA', 'QCOM', 'NFLX']",10,2,2,0.4,0.0004799999999999,1.0,1.0,1.0,1.0,,,False,False,ML_Full_EW,"['AAPL', 'CRM', 'TSLA', 'AMD', 'MELI', 'DXCM', 'FTNT', 'NVDA', 'QCOM', 'NFLX']",10,2020,2020-10
2020-10-16,2020-10-16,2020-10-19,"['AAPL', 'CRM', 'AMD', 'NVDA', 'WBD', 'TSLA', 'MELI', 'NFLX', 'DXCM', 'QCOM']",10,1,1,0.2,0.0002399999999999,1.0,1.0,1.0,1.0,,,False,False,ML_Full_EW,"['AAPL', 'CRM', 'AMD', 'NVDA', 'WBD', 'TSLA', 'MELI', 'NFLX', 'DXCM', 'QCOM']",10,2020,2020-10
2020-10-30,2020-10-30,2020-11-02,"['NVDA', 'CRM', 'TSLA', 'AAPL', 'DXCM', 'ADBE', 'AMD', 'WBD', 'NFLX', 'MELI']",10,1,1,0.2,0.0002399999999999,1.0,1.0,1.0,1.0,,,False,False,ML_Full_EW,"['NVDA', 'CRM', 'TSLA', 'AAPL', 'DXCM', 'ADBE', 'AMD', 'WBD', 'NFLX', 'MELI']",10,2020,2020-10
2020-11-13,2020-11-13,2020-11-16,"['CRM', 'TSLA', 'NVDA', 'META', 'AAPL', 'ADBE', 'AMD', 'WDAY', 'MELI', 'DXCM']",10,2,2,0.4,0.0004799999999999,1.0,1.0,1.0,1.0,,,False,False,ML_Full_EW,"['CRM', 'TSLA', 'NVDA', 'META', 'AAPL', 'ADBE', 'AMD', 'WDAY', 'MELI', 'DXCM']",10,2020,2020-11
2020-11-30,2020-11-30,2020-12-01,"['AAPL', 'NVDA', 'AMZN', 'KLAC', 'DXCM', 'MELI', 'ADBE', 'META', 'AMD', 'TSLA']",10,2,2,0.4,0.0004799999999999,1.0,1.0,1.0,1.0,,,False,False,ML_Full_EW,"['AAPL', 'NVDA', 'AMZN', 'KLAC', 'DXCM', 'MELI', 'ADBE', 'META', 'AMD', 'TSLA']",10,2020,2020-11
2020-12-14,2020-12-14,2020-12-15,"['BIIB', 'QCOM', 'META', 'DXCM', 'NVDA', 'WDAY', 'AAPL', 'AMZN', 'TSLA', 'AMD']",10,3,3,0.6,0.0007199999999999,1.0,1.0,1.0,1.0,,,False,False,ML_Full_EW,"['BIIB', 'QCOM', 'META', 'DXCM', 'NVDA', 'WDAY', 'AAPL', 'AMZN', 'TSLA', 'AMD']",10,2020,2020-12
2020-12-29,2020-12-29,2020-12-30,"['MELI', 'DXCM', 'QCOM', 'PYPL', 'BIIB', 'AMD', 'TSLA', 'NVDA', 'META', 'WDAY']",10,2,2,0.4,0.0004799999999999,1.0,1.0,1.0,1.0,,,False,False,ML_Full_EW,"['MELI', 'DXCM', 'QCOM', 'PYPL', 'BIIB', 'AMD', 'TSLA', 'NVDA', 'META', 'WDAY']",10,2020,2020-12
2021-01-28,2021-01-28,2021-01-29,"['AMZN', 'JD', 'AMAT', 'TSLA', 'NVDA', 'DXCM', 'MELI', 'QCOM', 'AMD', 'WDAY']",10,3,3,0.6,0.0007199999999999,1.0,1.0,1.0,1.0,,,False,False,ML_Full_EW,"['AMZN', 'JD', 'AMAT', 'TSLA', 'NVDA', 'DXCM', 'MELI', 'QCOM', 'AMD', 'WDAY']",10,2021,2021-01
2021-02-11,2021-02-11,2021-02-12,"['TSLA', 'MELI', 'LRCX', 'WBD', 'AMZN', 'MU', 'AMAT', 'QCOM', 'JD', 'DXCM']",10,3,3,0.6,0.0007199999999999,1.0,1.0,1.0,1.0,,,False,False,ML_Full_EW,"['TSLA', 'MELI', 'LRCX', 'WBD', 'AMZN', 'MU', 'AMAT', 'QCOM', 'JD', 'DXCM']",10,2021,2021-02
2021-02-26,2021-02-26,2021-03-01,"['TSLA', 'MELI', 'AMZN', 'WBD', 'PYPL', 'KLAC', 'QCOM', 'JD', 'MU', 'LRCX']",10,2,2,0.4,0.0004799999999999,1.0,1.0,1.0,1.0,,,False,False,ML_Full_EW,"['TSLA', 'MELI', 'AMZN', 'WBD', 'PYPL', 'KLAC', 'QCOM', 'JD', 'MU', 'LRCX']",10,2021,2021-02
2021-03-12,2021-03-12,2021-03-15,"['AMD', 'AMZN', 'JD', 'TSLA', 'MU', 'LRCX', 'QCOM', 'MELI', 'KLAC', 'PYPL']",10,1,1,0.2,0.0002399999999999,1.0,1.0,1.0,1.0,,,False,False,ML_Full_EW,"['AMD', 'AMZN', 'JD', 'TSLA', 'MU', 'LRCX', 'QCOM', 'MELI', 'KLAC', 'PYPL']",10,2021,2021-03
2021-03-26,2021-03-26,2021-03-29,"['MU', 'AMD', 'LRCX', 'AMAT', 'KLAC', 'MELI', 'TSLA', 'JD', 'QCOM', 'PYPL']",10,1,1,0.2,0.0002399999999999,1.0,1.0,1.0,1.0,,,False,False,ML_Full_EW,"['MU', 'AMD', 'LRCX', 'AMAT', 'KLAC', 'MELI', 'TSLA', 'JD', 'QCOM', 'PYPL']",10,2021,2021-03
2021-04-12,2021-04-12,2021-04-13,"['TSLA', 'AMD', 'AMAT', 'MELI', 'QCOM', 'KLAC', 'INTC', 'MCHP', 'MU', 'WBD']",10,3,3,0.6,0.0007199999999999,1.0,1.0,1.0,1.0,,,False,False,ML_Full_EW,"['TSLA', 'AMD', 'AMAT', 'MELI', 'QCOM', 'KLAC', 'INTC', 'MCHP', 'MU', 'WBD']",10,2021,2021-04
2021-04-26,2021-04-26,2021-04-27,"['TSLA', 'MELI', 'MCHP', 'QCOM', 'VRSK', 'LRCX', 'SNPS', 'KLAC', 'AMAT', 'AMD']",10,3,3,0.6,0.0007199999999999,1.0,1.0,1.0,1.0,,,False,False,ML_Full_EW,"['TSLA', 'MELI', 'MCHP', 'QCOM', 'VRSK', 'LRCX', 'SNPS', 'KLAC', 'AMAT', 'AMD']",10,2021,2021-04
2021-05-10,2021-05-10,2021-05-11,"['AMAT', 'MELI', 'TSLA', 'LRCX', 'AAPL', 'SNPS', 'PYPL', 'JD', 'AMD', 'KLAC']",10,3,3,0.6,0.0007199999999999,1.0,1.0,1.0,1.0,,,False,False,ML_Full_EW,"['AMAT', 'MELI', 'TSLA', 'LRCX', 'AAPL', 'SNPS', 'PYPL', 'JD', 'AMD', 'KLAC']",10,2021,2021-05
2021-05-24,2021-05-24,2021-05-25,"['WBD', 'MELI', 'AMAT', 'LRCX', 'AMZN', 'TSLA', 'KLAC', 'AAPL', 'JD', 'AMD']",10,2,2,0.4,0.0004799999999999,1.0,1.0,1.0,1.0,,,False,False,ML_Full_EW,"['WBD', 'MELI', 'AMAT', 'LRCX', 'AMZN', 'TSLA', 'KLAC', 'AAPL', 'JD', 'AMD']",10,2021,2021-05
2021-06-08,2021-06-08,2021-06-09,"['WBD', 'AMAT', 'LRCX', 'AMZN', 'KLAC', 'NVDA', 'MELI', 'FTNT', 'TSLA', 'AAPL']",10,2,2,0.4,0.0004799999999999,1.0,1.0,1.0,1.0,,,False,False,ML_Full_EW,"['WBD', 'AMAT', 'LRCX', 'AMZN', 'KLAC', 'NVDA', 'MELI', 'FTNT', 'TSLA', 'AAPL']",10,2021,2021-06
2021-06-22,2021-06-22,2021-06-23,"['WBD', 'AMAT', 'LRCX', 'TSLA', 'AAPL', 'BIIB', 'MCHP', 'NVDA', 'KLAC', 'MELI']",10,2,2,0.4,0.0004799999999999,1.0,1.0,1.0,1.0,,,False,False,ML_Full_EW,"['WBD', 'AMAT', 'LRCX', 'TSLA', 'AAPL', 'BIIB', 'MCHP', 'NVDA', 'KLAC', 'MELI']",10,2021,2021-06
2021-07-07,2021-07-07,2021-07-08,"['AMAT', 'WBD', 'KLAC', 'NVDA', 'BIIB', 'AMD', 'LRCX', 'TSLA', 'MELI', 'MCHP']",10,1,1,0.2,0.0002399999999999,1.0,1.0,1.0,1.0,,,False,False,ML_Full_EW,"['AMAT', 'WBD', 'KLAC', 'NVDA', 'BIIB', 'AMD', 'LRCX', 'TSLA', 'MELI', 'MCHP']",10,2021,2021-07
2021-07-21,2021-07-21,2021-07-22,"['BIIB', 'AMAT', 'NVDA', 'TSLA', 'WBD', 'LRCX', 'KLAC', 'MELI', 'AMD', 'MCHP']",10,0,0,0.0,0.0,1.0,1.0,1.0,1.0,,,False,False,ML_Full_EW,"['BIIB', 'AMAT', 'NVDA', 'TSLA', 'WBD', 'LRCX', 'KLAC', 'MELI', 'AMD', 'MCHP']",10,2021,2021-07
2021-08-04,2021-08-04,2021-08-05,"['NVDA', 'AMD', 'WBD', 'BIIB', 'TSLA', 'MELI', 'MCHP', 'LRCX', 'KLAC', 'AMAT']",10,0,0,0.0,0.0,1.0,1.0,1.0,1.0,,,False,False,ML_Full_EW,"['NVDA', 'AMD', 'WBD', 'BIIB', 'TSLA', 'MELI', 'MCHP', 'LRCX', 'KLAC', 'AMAT']",10,2021,2021-08
2021-08-18,2021-08-18,2021-08-19,"['NVDA', 'AAPL', 'TSLA', 'AMD', 'MELI', 'WBD', 'AMAT', 'MCHP', 'LRCX', 'KLAC']",10,1,1,0.2,0.0002399999999999,1.0,1.0,1.0,1.0,,,False,False,ML_Full_EW,"['NVDA', 'AAPL', 'TSLA', 'AMD', 'MELI', 'WBD', 'AMAT', 'MCHP', 'LRCX', 'KLAC']",10,2021,2021-08
2021-09-01,2021-09-01,2021-09-02,"['NVDA', 'AAPL', 'AMD', 'FTNT', 'JD', 'WBD', 'TSLA', 'MELI', 'LRCX', 'AMAT']",10,2,2,0.4,0.0004799999999999,1.0,1.0,1.0,1.0,,,False,False,ML_Full_EW,"['NVDA', 'AAPL', 'AMD', 'FTNT', 'JD', 'WBD', 'TSLA', 'MELI', 'LRCX', 'AMAT']",10,2021,2021-09
2021-09-16,2021-09-16,2021-09-17,"['NVDA', 'AMD', 'MELI', 'BIIB', 'FTNT', 'MU', 'WBD', 'JD', 'MNST', 'LRCX']",10,3,3,0.6,0.0007199999999999,1.0,1.0,1.0,1.0,,,False,False,ML_Full_EW,"['NVDA', 'AMD', 'MELI', 'BIIB', 'FTNT', 'MU', 'WBD', 'JD', 'MNST', 'LRCX']",10,2021,2021-09
2021-09-30,2021-09-30,2021-10-01,"['MELI', 'AMD', 'AMZN', 'NVDA', 'JD', 'MNST', 'FTNT', 'LRCX', 'WBD', 'MU']",10,1,1,0.2,0.0002399999999999,1.0,1.0,1.0,1.0,,,False,False,ML_Full_EW,"['MELI', 'AMD', 'AMZN', 'NVDA', 'JD', 'MNST', 'FTNT', 'LRCX', 'WBD', 'MU']",10,2021,2021-09
2021-10-14,2021-10-14,2021-10-15,"['NVDA', 'MELI', 'AAPL', 'FTNT', 'JD', 'WBD', 'AMD', 'DXCM', 'LRCX', 'MU']",10,2,2,0.4,0.0004799999999999,1.0,1.0,1.0,1.0,,,False,False,ML_Full_EW,"['NVDA', 'MELI', 'AAPL', 'FTNT', 'JD', 'WBD', 'AMD', 'DXCM', 'LRCX', 'MU']",10,2021,2021-10
2021-10-28,2021-10-28,2021-10-29,"['FTNT', 'AAPL', 'NVDA', 'WBD', 'MELI', 'JD', 'SNPS', 'ILMN', 'LRCX', 'AMD']",10,2,2,0.4,0.0004799999999999,1.0,1.0,1.0,1.0,,,False,False,ML_Full_EW,"['FTNT', 'AAPL', 'NVDA', 'WBD', 'MELI', 'JD', 'SNPS', 'ILMN', 'LRCX', 'AMD']",10,2021,2021-10
2021-11-11,2021-11-11,2021-11-12,"['AAPL', 'PYPL', 'TSLA', 'NVDA', 'WBD', 'MELI', 'JD', 'SNPS', 'AMD', 'FTNT']",10,2,2,0.4,0.0004799999999999,1.0,1.0,1.0,1.0,,,False,False,ML_Full_EW,"['AAPL', 'PYPL', 'TSLA', 'NVDA', 'WBD', 'MELI', 'JD', 'SNPS', 'AMD', 'FTNT']",10,2021,2021-11
2021-11-26,2021-11-26,2021-11-29,"['MSFT', 'MELI', 'PYPL', 'WBD', 'TSLA', 'AAPL', 'DLTR', 'JD', 'NVDA', 'AMD']",10,2,2,0.4,0.0004799999999999,1.0,1.0,1.0,1.0,,,False,False,ML_Full_EW,"['MSFT', 'MELI', 'PYPL', 'WBD', 'TSLA', 'AAPL', 'DLTR', 'JD', 'NVDA', 'AMD']",10,2021,2021-11
2021-12-10,2021-12-10,2021-12-13,"['AMD', 'TSLA', 'MELI', 'INTU', 'NVDA', 'AMZN', 'FTNT', 'PYPL', 'WBD', 'QCOM']",10,4,4,0.8,0.0009599999999999,1.0,1.0,1.0,1.0,,,False,False,ML_Full_EW,"['AMD', 'TSLA', 'MELI', 'INTU', 'NVDA', 'AMZN', 'FTNT', 'PYPL', 'WBD', 'QCOM']",10,2021,2021-12
2021-12-27,2021-12-27,2021-12-28,"['AMD', 'QCOM', 'TSLA', 'NVDA', 'MELI', 'JD', 'FTNT', 'WBD', 'AAPL', 'ORCL']",10,3,3,0.6,0.0007199999999999,1.0,1.0,1.0,1.0,,,False,False,ML_Full_EW,"['AMD', 'QCOM', 'TSLA', 'NVDA', 'MELI', 'JD', 'FTNT', 'WBD', 'AAPL', 'ORCL']",10,2021,2021-12
2022-01-25,2022-01-25,2022-01-26,"['NVDA', 'NFLX', 'TSLA', 'AMD', 'FTNT', 'MELI', 'CDNS', 'DXCM', 'ADBE', 'SNPS']",10,5,5,1.0,0.0012,1.0,1.0,1.0,1.0,,,False,False,ML_Full_EW,"['NVDA', 'NFLX', 'TSLA', 'AMD', 'FTNT', 'MELI', 'CDNS', 'DXCM', 'ADBE', 'SNPS']",10,2022,2022-01
2022-02-08,2022-02-08,2022-02-09,"['CDNS', 'META', 'PYPL', 'NVDA', 'MELI', 'SNPS', 'DXCM', 'TSLA', 'FTNT', 'ADBE']",10,2,2,0.4,0.0004799999999999,1.0,1.0,1.0,1.0,,,False,False,ML_Full_EW,"['CDNS', 'META', 'PYPL', 'NVDA', 'MELI', 'SNPS', 'DXCM', 'TSLA', 'FTNT', 'ADBE']",10,2022,2022-02
2022-02-23,2022-02-23,2022-02-24,"['TSLA', 'NVDA', 'MELI', 'AMD', 'DXCM', 'ADBE', 'KLAC', 'FTNT', 'SNPS', 'CDNS']",10,2,2,0.4,0.0004799999999999,1.0,1.0,1.0,1.0,,,False,False,ML_Full_EW,"['TSLA', 'NVDA', 'MELI', 'AMD', 'DXCM', 'ADBE', 'KLAC', 'FTNT', 'SNPS', 'CDNS']",10,2022,2022-02
2022-03-09,2022-03-09,2022-03-10,"['NVDA', 'LRCX', 'FTNT', 'MELI', 'AMD', 'KLAC', 'TSLA', 'DXCM', 'SNPS', 'ADBE']",10,1,1,0.2,0.0002399999999999,1.0,1.0,1.0,1.0,,,False,False,ML_Full_EW,"['NVDA', 'LRCX', 'FTNT', 'MELI', 'AMD', 'KLAC', 'TSLA', 'DXCM', 'SNPS', 'ADBE']",10,2022,2022-03
2022-03-23,2022-03-23,2022-03-24,"['IDXX', 'PCAR', 'LRCX', 'KLAC', 'ADI', 'NVDA', 'AMD', 'ADBE', 'FTNT', 'SNPS']",10,3,3,0.6,0.0007199999999999,1.0,1.0,1.0,1.0,,,False,False,ML_Full_EW,"['IDXX', 'PCAR', 'LRCX', 'KLAC', 'ADI', 'NVDA', 'AMD', 'ADBE', 'FTNT', 'SNPS']",10,2022,2022-03
2022-04-06,2022-04-06,2022-04-07,"['ODFL', 'AMD', 'AMAT', 'GOOGL', 'MCHP', 'MSFT', 'LRCX', 'IDXX', 'PCAR', 'KLAC']",10,5,5,1.0,0.0012,1.0,1.0,1.0,1.0,,,False,False,ML_Full_EW,"['ODFL', 'AMD', 'AMAT', 'GOOGL', 'MCHP', 'MSFT', 'LRCX', 'IDXX', 'PCAR', 'KLAC']",10,2022,2022-04
2022-04-21,2022-04-21,2022-04-22,"['PYPL', 'META', 'JD', 'AMD', 'MELI', 'NVDA', 'CRM', 'LRCX', 'NFLX', 'KLAC']",10,7,7,1.4,0.0016799999999999,1.0,1.0,1.0,1.0,,,False,False,ML_Full_EW,"['PYPL', 'META', 'JD', 'AMD', 'MELI', 'NVDA', 'CRM', 'LRCX', 'NFLX', 'KLAC']",10,2022,2022-04
2022-05-05,2022-05-05,2022-05-06,"['MELI', 'NVDA', 'AMZN', 'INTU', 'AMD', 'PYPL', 'CRM', 'CDNS', 'SNPS', 'LRCX']",10,4,4,0.8,0.0009599999999999,1.0,1.0,1.0,1.0,,,False,False,ML_Full_EW,"['MELI', 'NVDA', 'AMZN', 'INTU', 'AMD', 'PYPL', 'CRM', 'CDNS', 'SNPS', 'LRCX']",10,2022,2022-05
2022-05-19,2022-05-19,2022-05-20,"['NVDA', 'MELI', 'TSLA', 'INTU', 'AMD', 'LULU', 'AMZN', 'LRCX', 'CRM', 'CDNS']",10,2,2,0.4,0.0004799999999999,1.0,1.0,1.0,1.0,,,False,False,ML_Full_EW,"['NVDA', 'MELI', 'TSLA', 'INTU', 'AMD', 'LULU', 'AMZN', 'LRCX', 'CRM', 'CDNS']",10,2022,2022-05
2022-06-03,2022-06-03,2022-06-06,"['NVDA', 'MELI', 'TSLA', 'JD', 'INTU', 'CDNS', 'AMZN', 'LULU', 'LRCX', 'AMD']",10,1,1,0.2,0.0002399999999999,1.0,1.0,1.0,1.0,,,False,False,ML_Full_EW,"['NVDA', 'MELI', 'TSLA', 'JD', 'INTU', 'CDNS', 'AMZN', 'LULU', 'LRCX', 'AMD']",10,2022,2022-06
2022-06-17,2022-06-17,2022-06-21,"['MELI', 'NVDA', 'AMD', 'TSLA', 'WBD', 'MU', 'AMAT', 'META', 'ILMN', 'LRCX']",10,5,5,1.0,0.0012,1.0,1.0,1.0,1.0,,,False,False,ML_Full_EW,"['MELI', 'NVDA', 'AMD', 'TSLA', 'WBD', 'MU', 'AMAT', 'META', 'ILMN', 'LRCX']",10,2022,2022-06
2022-07-05,2022-07-05,2022-07-06,"['NVDA', 'AMD', 'MELI', 'NFLX', 'TSLA', 'WBD', 'AMAT', 'LRCX', 'META', 'ILMN']",10,1,1,0.2,0.0002399999999999,1.0,1.0,1.0,1.0,,,False,False,ML_Full_EW,"['NVDA', 'AMD', 'MELI', 'NFLX', 'TSLA', 'WBD', 'AMAT', 'LRCX', 'META', 'ILMN']",10,2022,2022-07
2022-07-19,2022-07-19,2022-07-20,"['ODFL', 'CDNS', 'DXCM', 'FAST', 'EA', 'PCAR', 'GOOGL', 'TSLA', 'CRM', 'META']",10,8,8,1.6,0.0019199999999999,1.0,1.0,1.0,1.0,,,False,False,ML_Full_EW,"['ODFL', 'CDNS', 'DXCM', 'FAST', 'EA', 'PCAR', 'GOOGL', 'TSLA', 'CRM', 'META']",10,2022,2022-07
2022-08-02,2022-08-02,2022-08-03,"['CHTR', 'CMCSA', 'SNPS', 'SBUX', 'PCAR', 'TMUS', 'EA', 'AMGN', 'CDNS', 'GOOGL']",10,6,6,1.2,0.0014399999999999,1.0,1.0,1.0,1.0,,,False,False,ML_Full_EW,"['CHTR', 'CMCSA', 'SNPS', 'SBUX', 'PCAR', 'TMUS', 'EA', 'AMGN', 'CDNS', 'GOOGL']",10,2022,2022-08
2022-08-16,2022-08-16,2022-08-17,"['BIIB', 'TMUS', 'GOOGL', 'VRTX', 'INTU', 'SNPS', 'CHTR', 'AMGN', 'SBUX', 'CDNS']",10,3,3,0.6,0.0007199999999999,1.0,1.0,1.0,1.0,,,False,False,ML_Full_EW,"['BIIB', 'TMUS', 'GOOGL', 'VRTX', 'INTU', 'SNPS', 'CHTR', 'AMGN', 'SBUX', 'CDNS']",10,2022,2022-08
2022-08-30,2022-08-30,2022-08-31,"['NVDA', 'NFLX', 'TSLA', 'GOOGL', 'AMZN', 'CRM', 'CDNS', 'DXCM', 'AMAT', 'INTU']",10,7,7,1.4,0.0016799999999999,1.0,1.0,1.0,1.0,,,False,False,ML_Full_EW,"['NVDA', 'NFLX', 'TSLA', 'GOOGL', 'AMZN', 'CRM', 'CDNS', 'DXCM', 'AMAT', 'INTU']",10,2022,2022-08
2022-09-14,2022-09-14,2022-09-15,"['NVDA', 'AMD', 'AMZN', 'MELI', 'NFLX', 'META', 'AMAT', 'MU', 'GOOGL', 'INTU']",10,4,4,0.8,0.0009599999999999,1.0,1.0,1.0,1.0,,,False,False,ML_Full_EW,"['NVDA', 'AMD', 'AMZN', 'MELI', 'NFLX', 'META', 'AMAT', 'MU', 'GOOGL', 'INTU']",10,2022,2022-09
2022-09-28,2022-09-28,2022-09-29,"['AMD', 'NVDA', 'AMZN', 'MELI', 'LRCX', 'META', 'AMAT', 'GOOGL', 'INTU', 'NFLX']",10,1,1,0.2,0.0002399999999999,1.0,1.0,1.0,1.0,,,False,False,ML_Full_EW,"['AMD', 'NVDA', 'AMZN', 'MELI', 'LRCX', 'META', 'AMAT', 'GOOGL', 'INTU', 'NFLX']",10,2022,2022-09
2022-10-12,2022-10-12,2022-10-13,"['AMD', 'NVDA', 'LRCX', 'AMAT', 'MELI', 'PYPL', 'META', 'AMZN', 'INTU', 'NFLX']",10,1,1,0.2,0.0002399999999999,1.0,1.0,1.0,1.0,,,False,False,ML_Full_EW,"['AMD', 'NVDA', 'LRCX', 'AMAT', 'MELI', 'PYPL', 'META', 'AMZN', 'INTU', 'NFLX']",10,2022,2022-10
2022-10-26,2022-10-26,2022-10-27,"['AMD', 'NVDA', 'AMZN', 'TSLA', 'AAPL', 'MCHP', 'MSFT', 'IDXX', 'MELI', 'INTU']",10,5,5,1.0,0.0012,1.0,1.0,1.0,1.0,,,False,False,ML_Full_EW,"['AMD', 'NVDA', 'AMZN', 'TSLA', 'AAPL', 'MCHP', 'MSFT', 'IDXX', 'MELI', 'INTU']",10,2022,2022-10
2022-11-09,2022-11-09,2022-11-10,"['TSLA', 'WBD', 'AMD', 'AMZN', 'QCOM', 'NVDA', 'AAPL', 'INTU', 'MSFT', 'MELI']",10,2,2,0.4,0.0004799999999999,1.0,1.0,1.0,1.0,,,False,False,ML_Full_EW,"['TSLA', 'WBD', 'AMD', 'AMZN', 'QCOM', 'NVDA', 'AAPL', 'INTU', 'MSFT', 'MELI']",10,2022,2022-11
2022-11-23,2022-11-23,2022-11-25,"['MSFT', 'IDXX', 'AAPL', 'FTNT', 'QCOM', 'AMZN', 'TSLA', 'INTU', 'AMD', 'NVDA']",10,2,2,0.4,0.0004799999999999,1.0,1.0,1.0,1.0,,,False,False,ML_Full_EW,"['MSFT', 'IDXX', 'AAPL', 'FTNT', 'QCOM', 'AMZN', 'TSLA', 'INTU', 'AMD', 'NVDA']",10,2022,2022-11
2022-12-08,2022-12-08,2022-12-09,"['AAPL', 'AMZN', 'TSLA', 'IDXX', 'ODFL', 'AMD', 'META', 'INTC', 'EBAY', 'MSFT']",10,4,4,0.8,0.0009599999999999,1.0,1.0,1.0,1.0,,,False,False,ML_Full_EW,"['AAPL', 'AMZN', 'TSLA', 'IDXX', 'ODFL', 'AMD', 'META', 'INTC', 'EBAY', 'MSFT']",10,2022,2022-12
2022-12-22,2022-12-22,2022-12-23,"['AMD', 'NVDA', 'AMZN', 'TSLA', 'AAPL', 'META', 'EBAY', 'INTC', 'MSFT', 'IDXX']",10,1,1,0.2,0.0002399999999999,1.0,1.0,1.0,1.0,,,False,False,ML_Full_EW,"['AMD', 'NVDA', 'AMZN', 'TSLA', 'AAPL', 'META', 'EBAY', 'INTC', 'MSFT', 'IDXX']",10,2022,2022-12
2023-01-24,2023-01-24,2023-01-25,"['AMAT', 'KLAC', 'EBAY', 'LRCX', 'CTAS', 'ROST', 'KHC', 'ODFL', 'XEL', 'NVDA']",10,8,8,1.6,0.0019199999999999,1.0,1.0,1.0,1.0,,,False,False,ML_Full_EW,"['AMAT', 'KLAC', 'EBAY', 'LRCX', 'CTAS', 'ROST', 'KHC', 'ODFL', 'XEL', 'NVDA']",10,2023,2023-01
2023-02-07,2023-02-07,2023-02-08,"['KHC', 'EA', 'AMGN', 'KDP', 'AZN', 'GILD', 'XEL', 'MNST', 'CTAS', 'ROST']",10,6,6,1.2,0.0014399999999999,1.0,1.0,1.0,1.0,,,False,False,ML_Full_EW,"['KHC', 'EA', 'AMGN', 'KDP', 'AZN', 'GILD', 'XEL', 'MNST', 'CTAS', 'ROST']",10,2023,2023-02
2023-02-22,2023-02-22,2023-02-23,"['JD', 'PAYX', 'IDXX', 'NFLX', 'KLAC', 'CTAS', 'MNST', 'ROST', 'XEL', 'KHC']",10,5,5,1.0,0.0012,1.0,1.0,1.0,1.0,,,False,False,ML_Full_EW,"['JD', 'PAYX', 'IDXX', 'NFLX', 'KLAC', 'CTAS', 'MNST', 'ROST', 'XEL', 'KHC']",10,2023,2023-02
2023-03-08,2023-03-08,2023-03-09,"['IDXX', 'WBD', 'ILMN', 'GOOGL', 'MELI', 'META', 'PAYX', 'NFLX', 'KLAC', 'JD']",10,5,5,1.0,0.0012,1.0,1.0,1.0,1.0,,,False,False,ML_Full_EW,"['IDXX', 'WBD', 'ILMN', 'GOOGL', 'MELI', 'META', 'PAYX', 'NFLX', 'KLAC', 'JD']",10,2023,2023-03
2023-03-22,2023-03-22,2023-03-23,"['IDXX', 'JD', 'PAYX', 'NFLX', 'FAST', 'CTAS', 'XEL', 'BIIB', 'WBD', 'MELI']",10,4,4,0.8,0.0009599999999999,1.0,1.0,1.0,1.0,,,False,False,ML_Full_EW,"['IDXX', 'JD', 'PAYX', 'NFLX', 'FAST', 'CTAS', 'XEL', 'BIIB', 'WBD', 'MELI']",10,2023,2023-03
2023-04-05,2023-04-05,2023-04-06,"['JD', 'PCAR', 'IDXX', 'FAST', 'WBD', 'KHC', 'MELI', 'EBAY', 'PAYX', 'CTAS']",10,3,3,0.6,0.0007199999999999,1.0,1.0,1.0,1.0,,,False,False,ML_Full_EW,"['JD', 'PCAR', 'IDXX', 'FAST', 'WBD', 'KHC', 'MELI', 'EBAY', 'PAYX', 'CTAS']",10,2023,2023-04
2023-04-20,2023-04-20,2023-04-21,"['TSLA', 'IDXX', 'WBD', 'FAST', 'EBAY', 'PAYX', 'JD', 'MELI', 'CTAS', 'PCAR']",10,1,1,0.2,0.0002399999999999,1.0,1.0,1.0,1.0,,,False,False,ML_Full_EW,"['TSLA', 'IDXX', 'WBD', 'FAST', 'EBAY', 'PAYX', 'JD', 'MELI', 'CTAS', 'PCAR']",10,2023,2023-04
2023-05-04,2023-05-04,2023-05-05,"['IDXX', 'NVDA', 'ILMN', 'ADBE', 'WBD', 'META', 'MELI', 'JD', 'TSLA', 'PAYX']",10,4,4,0.8,0.0009599999999999,1.0,1.0,1.0,1.0,,,False,False,ML_Full_EW,"['IDXX', 'NVDA', 'ILMN', 'ADBE', 'WBD', 'META', 'MELI', 'JD', 'TSLA', 'PAYX']",10,2023,2023-05
2023-05-18,2023-05-18,2023-05-19,"['IDXX', 'AMD', 'PAYX', 'META', 'JD', 'WBD', 'MELI', 'ILMN', 'TSLA', 'ADBE']",10,1,1,0.2,0.0002399999999999,1.0,1.0,1.0,1.0,,,False,False,ML_Full_EW,"['IDXX', 'AMD', 'PAYX', 'META', 'JD', 'WBD', 'MELI', 'ILMN', 'TSLA', 'ADBE']",10,2023,2023-05
2023-06-02,2023-06-02,2023-06-05,"['KDP', 'PCAR', 'IDXX', 'XEL', 'AZN', 'DLTR', 'KHC', 'CTAS', 'GILD', 'PAYX']",10,8,8,1.6,0.0019199999999999,1.0,1.0,1.0,1.0,,,False,False,ML_Full_EW,"['KDP', 'PCAR', 'IDXX', 'XEL', 'AZN', 'DLTR', 'KHC', 'CTAS', 'GILD', 'PAYX']",10,2023,2023-06
2023-06-16,2023-06-16,2023-06-20,"['DLTR', 'XEL', 'KDP', 'IDXX', 'AZN', 'CTAS', 'PCAR', 'GILD', 'KHC', 'PAYX']",10,0,0,0.0,0.0,1.0,1.0,1.0,1.0,,,False,False,ML_Full_EW,"['DLTR', 'XEL', 'KDP', 'IDXX', 'AZN', 'CTAS', 'PCAR', 'GILD', 'KHC', 'PAYX']",10,2023,2023-06
2023-07-03,2023-07-03,2023-07-05,"['META', 'AMZN', 'AZN', 'IDXX', 'PAYX', 'CTAS', 'MELI', 'XEL', 'KHC', 'KDP']",10,3,3,0.6,0.0007199999999999,1.0,1.0,1.0,1.0,,,False,False,ML_Full_EW,"['META', 'AMZN', 'AZN', 'IDXX', 'PAYX', 'CTAS', 'MELI', 'XEL', 'KHC', 'KDP']",10,2023,2023-07
2023-07-18,2023-07-18,2023-07-19,"['META', 'AMD', 'ILMN', 'AVGO', 'AZN', 'MELI', 'CTAS', 'XEL', 'KHC', 'KDP']",10,3,3,0.6,0.0007199999999999,1.0,1.0,1.0,1.0,,,False,False,ML_Full_EW,"['META', 'AMD', 'ILMN', 'AVGO', 'AZN', 'MELI', 'CTAS', 'XEL', 'KHC', 'KDP']",10,2023,2023-07
2023-08-01,2023-08-01,2023-08-02,"['TSLA', 'NFLX', 'MELI', 'AZN', 'EBAY', 'XEL', 'AVGO', 'KHC', 'AMD', 'CTAS']",10,3,3,0.6,0.0007199999999999,1.0,1.0,1.0,1.0,,,False,False,ML_Full_EW,"['TSLA', 'NFLX', 'MELI', 'AZN', 'EBAY', 'XEL', 'AVGO', 'KHC', 'AMD', 'CTAS']",10,2023,2023-08
2023-08-15,2023-08-15,2023-08-16,"['TSLA', 'NVDA', 'AVGO', 'NFLX', 'ADBE', 'CDNS', 'META', 'SNPS', 'AMD', 'MSFT']",10,6,6,1.2,0.0014399999999999,1.0,1.0,1.0,1.0,,,False,False,ML_Full_EW,"['TSLA', 'NVDA', 'AVGO', 'NFLX', 'ADBE', 'CDNS', 'META', 'SNPS', 'AMD', 'MSFT']",10,2023,2023-08
2023-08-29,2023-08-29,2023-08-30,"['ADBE', 'TSLA', 'MCHP', 'JD', 'META', 'NVDA', 'NFLX', 'PYPL', 'IDXX', 'MSFT']",10,4,4,0.8,0.0009599999999999,1.0,1.0,1.0,1.0,,,False,False,ML_Full_EW,"['ADBE', 'TSLA', 'MCHP', 'JD', 'META', 'NVDA', 'NFLX', 'PYPL', 'IDXX', 'MSFT']",10,2023,2023-08
2023-09-13,2023-09-13,2023-09-14,"['ADBE', 'META', 'MELI', 'ODFL', 'IDXX', 'MCHP', 'JD', 'NFLX', 'TSLA', 'NVDA']",10,2,2,0.4,0.0004799999999999,1.0,1.0,1.0,1.0,,,False,False,ML_Full_EW,"['ADBE', 'META', 'MELI', 'ODFL', 'IDXX', 'MCHP', 'JD', 'NFLX', 'TSLA', 'NVDA']",10,2023,2023-09
2023-09-27,2023-09-27,2023-09-28,"['NVDA', 'META', 'ORCL', 'TSLA', 'IDXX', 'ADBE', 'JD', 'MCHP', 'NFLX', 'MELI']",10,1,1,0.2,0.0002399999999999,1.0,1.0,1.0,1.0,,,False,False,ML_Full_EW,"['NVDA', 'META', 'ORCL', 'TSLA', 'IDXX', 'ADBE', 'JD', 'MCHP', 'NFLX', 'MELI']",10,2023,2023-09
2023-10-11,2023-10-11,2023-10-12,"['WDAY', 'IDXX', 'NFLX', 'NVDA', 'AMD', 'MELI', 'INTC', 'TSLA', 'ADBE', 'META']",10,3,3,0.6,0.0007199999999999,1.0,1.0,1.0,1.0,,,False,False,ML_Full_EW,"['WDAY', 'IDXX', 'NFLX', 'NVDA', 'AMD', 'MELI', 'INTC', 'TSLA', 'ADBE', 'META']",10,2023,2023-10
2023-10-25,2023-10-25,2023-10-26,"['MCHP', 'TSLA', 'IDXX', 'WDAY', 'AMD', 'META', 'ADBE', 'NVDA', 'INTC', 'MELI']",10,1,1,0.2,0.0002399999999999,1.0,1.0,1.0,1.0,,,False,False,ML_Full_EW,"['MCHP', 'TSLA', 'IDXX', 'WDAY', 'AMD', 'META', 'ADBE', 'NVDA', 'INTC', 'MELI']",10,2023,2023-10
2023-11-08,2023-11-08,2023-11-09,"['PANW', 'NVDA', 'TSLA', 'CDNS', 'IDXX', 'ADBE', 'MCHP', 'META', 'AMD', 'INTC']",10,2,2,0.4,0.0004799999999999,1.0,1.0,1.0,1.0,,,False,False,ML_Full_EW,"['PANW', 'NVDA', 'TSLA', 'CDNS', 'IDXX', 'ADBE', 'MCHP', 'META', 'AMD', 'INTC']",10,2023,2023-11
2023-11-22,2023-11-22,2023-11-24,"['META', 'SNPS', 'PAYX', 'VRSK', 'ADP', 'ADBE', 'INTC', 'QCOM', 'IDXX', 'CDNS']",10,5,5,1.0,0.0012,1.0,1.0,1.0,1.0,,,False,False,ML_Full_EW,"['META', 'SNPS', 'PAYX', 'VRSK', 'ADP', 'ADBE', 'INTC', 'QCOM', 'IDXX', 'CDNS']",10,2023,2023-11
2023-12-07,2023-12-07,2023-12-08,"['SNPS', 'PANW', 'FAST', 'XEL', 'CDNS', 'IDXX', 'QCOM', 'ADBE', 'META', 'VRSK']",10,3,3,0.6,0.0007199999999999,1.0,1.0,1.0,1.0,,,False,False,ML_Full_EW,"['SNPS', 'PANW', 'FAST', 'XEL', 'CDNS', 'IDXX', 'QCOM', 'ADBE', 'META', 'VRSK']",10,2023,2023-12
2023-12-21,2023-12-21,2023-12-22,"['IDXX', 'AMD', 'DXCM', 'QCOM', 'SNPS', 'PANW', 'MELI', 'FAST', 'CDNS', 'VRSK']",10,3,3,0.6,0.0007199999999999,1.0,1.0,1.0,1.0,,,False,False,ML_Full_EW,"['IDXX', 'AMD', 'DXCM', 'QCOM', 'SNPS', 'PANW', 'MELI', 'FAST', 'CDNS', 'VRSK']",10,2023,2023-12
2024-01-23,2024-01-23,2024-01-24,"['AMD', 'NVDA', 'FAST', 'MELI', 'GILD', 'AVGO', 'QCOM', 'CDNS', 'SNPS', 'DXCM']",10,3,3,0.6,0.0007199999999999,1.0,1.0,1.0,1.0,,,False,False,ML_Full_EW,"['AMD', 'NVDA', 'FAST', 'MELI', 'GILD', 'AVGO', 'QCOM', 'CDNS', 'SNPS', 'DXCM']",10,2024,2024-01
2024-02-06,2024-02-06,2024-02-07,"['CHTR', 'XEL', 'AZN', 'EA', 'KDP', 'KHC', 'TMUS', 'HON', 'WBD', 'GILD']",10,9,9,1.8,0.00216,1.0,1.0,1.0,1.0,,,False,False,ML_Full_EW,"['CHTR', 'XEL', 'AZN', 'EA', 'KDP', 'KHC', 'TMUS', 'HON', 'WBD', 'GILD']",10,2024,2024-02
2024-02-21,2024-02-21,2024-02-22,"['INTC', 'AAPL', 'TSLA', 'LULU', 'ADBE', 'NVDA', 'GOOGL', 'VRSK', 'ORCL', 'WBD']",10,9,9,1.8,0.00216,1.0,1.0,1.0,1.0,,,False,False,ML_Full_EW,"['INTC', 'AAPL', 'TSLA', 'LULU', 'ADBE', 'NVDA', 'GOOGL', 'VRSK', 'ORCL', 'WBD']",10,2024,2024-02
2024-03-06,2024-03-06,2024-03-07,"['TSLA', 'PYPL', 'AAPL', 'XEL', 'ADBE', 'WBD', 'BIIB', 'LULU', 'ORCL', 'VRSK']",10,3,3,0.6,0.0007199999999999,1.0,1.0,1.0,1.0,,,False,False,ML_Full_EW,"['TSLA', 'PYPL', 'AAPL', 'XEL', 'ADBE', 'WBD', 'BIIB', 'LULU', 'ORCL', 'VRSK']",10,2024,2024-03
2024-03-20,2024-03-20,2024-03-21,"['MELI', 'BKNG', 'ADBE', 'EA', 'WBD', 'XEL', 'AMGN', 'VRSK', 'AAPL', 'BIIB']",10,4,4,0.8,0.0009599999999999,1.0,1.0,1.0,1.0,,,False,False,ML_Full_EW,"['MELI', 'BKNG', 'ADBE', 'EA', 'WBD', 'XEL', 'AMGN', 'VRSK', 'AAPL', 'BIIB']",10,2024,2024-03
2024-04-04,2024-04-04,2024-04-05,"['ADBE', 'INTC', 'WBD', 'PANW', 'DLTR', 'TSLA', 'LULU', 'MELI', 'BIIB', 'AAPL']",10,5,5,1.0,0.0012,1.0,1.0,1.0,1.0,,,False,False,ML_Full_EW,"['ADBE', 'INTC', 'WBD', 'PANW', 'DLTR', 'TSLA', 'LULU', 'MELI', 'BIIB', 'AAPL']",10,2024,2024-04
2024-04-18,2024-04-18,2024-04-19,"['AMD', 'AVGO', 'SNPS', 'CDNS', 'NVDA', 'MELI', 'INTC', 'ADBE', 'LULU', 'TSLA']",10,5,5,1.0,0.0012,1.0,1.0,1.0,1.0,,,False,False,ML_Full_EW,"['AMD', 'AVGO', 'SNPS', 'CDNS', 'NVDA', 'MELI', 'INTC', 'ADBE', 'LULU', 'TSLA']",10,2024,2024-04
2024-05-02,2024-05-02,2024-05-03,"['NVDA', 'AMD', 'AVGO', 'SNPS', 'LRCX', 'CDNS', 'META', 'CRM', 'KLAC', 'ADBE']",10,4,4,0.8,0.0009599999999999,1.0,1.0,1.0,1.0,,,False,False,ML_Full_EW,"['NVDA', 'AMD', 'AVGO', 'SNPS', 'LRCX', 'CDNS', 'META', 'CRM', 'KLAC', 'ADBE']",10,2024,2024-05
2024-05-16,2024-05-16,2024-05-17,"['SBUX', 'ODFL', 'META', 'DXCM', 'WBD', 'NVDA', 'AMD', 'CDNS', 'SNPS', 'ADBE']",10,4,4,0.8,0.0009599999999999,1.0,1.0,1.0,1.0,,,False,False,ML_Full_EW,"['SBUX', 'ODFL', 'META', 'DXCM', 'WBD', 'NVDA', 'AMD', 'CDNS', 'SNPS', 'ADBE']",10,2024,2024-05
2024-05-31,2024-05-31,2024-06-03,"['WDAY', 'ILMN', 'FTNT', 'ADBE', 'INTU', 'ORCL', 'DXCM', 'EA', 'MNST', 'CDNS']",10,7,7,1.4,0.0016799999999999,1.0,1.0,1.0,1.0,,,False,False,ML_Full_EW,"['WDAY', 'ILMN', 'FTNT', 'ADBE', 'INTU', 'ORCL', 'DXCM', 'EA', 'MNST', 'CDNS']",10,2024,2024-05
2024-06-14,2024-06-14,2024-06-17,"['CRM', 'WDAY', 'INTU', 'LULU', 'INTC', 'WBD', 'CMCSA', 'CSX', 'MNST', 'DXCM']",10,6,6,1.2,0.0014399999999999,1.0,1.0,1.0,1.0,,,False,False,ML_Full_EW,"['CRM', 'WDAY', 'INTU', 'LULU', 'INTC', 'WBD', 'CMCSA', 'CSX', 'MNST', 'DXCM']",10,2024,2024-06
2024-07-01,2024-07-01,2024-07-02,"['PCAR', 'FAST', 'PYPL', 'WBD', 'XEL', 'LULU', 'DLTR', 'PAYX', 'CMCSA', 'MNST']",10,6,6,1.2,0.0014399999999999,1.0,1.0,1.0,1.0,,,False,False,ML_Full_EW,"['PCAR', 'FAST', 'PYPL', 'WBD', 'XEL', 'LULU', 'DLTR', 'PAYX', 'CMCSA', 'MNST']",10,2024,2024-07
2024-07-16,2024-07-16,2024-07-17,"['TSLA', 'NVDA', 'QCOM', 'JD', 'MU', 'META', 'PAYX', 'LULU', 'DLTR', 'XEL']",10,6,6,1.2,0.0014399999999999,1.0,1.0,1.0,1.0,,,False,False,ML_Full_EW,"['TSLA', 'NVDA', 'QCOM', 'JD', 'MU', 'META', 'PAYX', 'LULU', 'DLTR', 'XEL']",10,2024,2024-07
2024-07-30,2024-07-30,2024-07-31,"['QCOM', 'AMAT', 'LRCX', 'KLAC', 'MU', 'AVGO', 'NVDA', 'SNPS', 'TSLA', 'META']",10,5,5,1.0,0.0012,1.0,1.0,1.0,1.0,,,False,False,ML_Full_EW,"['QCOM', 'AMAT', 'LRCX', 'KLAC', 'MU', 'AVGO', 'NVDA', 'SNPS', 'TSLA', 'META']",10,2024,2024-07
2024-08-13,2024-08-13,2024-08-14,"['LRCX', 'AMAT', 'QCOM', 'MU', 'KLAC', 'CDNS', 'SNPS', 'AVGO', 'NVDA', 'TSLA']",10,1,1,0.2,0.0002399999999999,1.0,1.0,1.0,1.0,,,False,False,ML_Full_EW,"['LRCX', 'AMAT', 'QCOM', 'MU', 'KLAC', 'CDNS', 'SNPS', 'AVGO', 'NVDA', 'TSLA']",10,2024,2024-08
2024-08-27,2024-08-27,2024-08-28,"['INTC', 'AMZN', 'MU', 'LRCX', 'AMD', 'MCHP', 'SNPS', 'QCOM', 'AMAT', 'CDNS']",10,4,4,0.8,0.0009599999999999,1.0,1.0,1.0,1.0,,,False,False,ML_Full_EW,"['INTC', 'AMZN', 'MU', 'LRCX', 'AMD', 'MCHP', 'SNPS', 'QCOM', 'AMAT', 'CDNS']",10,2024,2024-08
2024-09-11,2024-09-11,2024-09-12,"['DXCM', 'MU', 'BIIB', 'INTC', 'SNPS', 'AMAT', 'LRCX', 'CDNS', 'MCHP', 'QCOM']",10,2,2,0.4,0.0004799999999999,1.0,1.0,1.0,1.0,,,False,False,ML_Full_EW,"['DXCM', 'MU', 'BIIB', 'INTC', 'SNPS', 'AMAT', 'LRCX', 'CDNS', 'MCHP', 'QCOM']",10,2024,2024-09
2024-09-25,2024-09-25,2024-09-26,"['SNPS', 'MCHP', 'AMAT', 'QCOM', 'DXCM', 'INTC', 'MU', 'CDNS', 'LRCX', 'BIIB']",10,0,0,0.0,0.0,1.0,1.0,1.0,1.0,,,False,False,ML_Full_EW,"['SNPS', 'MCHP', 'AMAT', 'QCOM', 'DXCM', 'INTC', 'MU', 'CDNS', 'LRCX', 'BIIB']",10,2024,2024-09
2024-10-09,2024-10-09,2024-10-10,"['DXCM', 'ADBE', 'BIIB', 'ROST', 'REGN', 'AZN', 'KDP', 'MNST', 'XEL', 'PEP']",10,8,8,1.6,0.0019199999999999,1.0,1.0,1.0,1.0,,,False,False,ML_Full_EW,"['DXCM', 'ADBE', 'BIIB', 'ROST', 'REGN', 'AZN', 'KDP', 'MNST', 'XEL', 'PEP']",10,2024,2024-10
2024-10-23,2024-10-23,2024-10-24,"['INTC', 'KLAC', 'MCHP', 'LRCX', 'AMAT', 'NVDA', 'DLTR', 'SNPS', 'TSLA', 'ADBE']",10,9,9,1.8,0.00216,1.0,1.0,1.0,1.0,,,False,False,ML_Full_EW,"['INTC', 'KLAC', 'MCHP', 'LRCX', 'AMAT', 'NVDA', 'DLTR', 'SNPS', 'TSLA', 'ADBE']",10,2024,2024-10
2024-11-06,2024-11-06,2024-11-07,"['KLAC', 'AMAT', 'LRCX', 'IDXX', 'AMD', 'EBAY', 'NVDA', 'MCHP', 'SNPS', 'DLTR']",10,3,3,0.6,0.0007199999999999,1.0,1.0,1.0,1.0,,,False,False,ML_Full_EW,"['KLAC', 'AMAT', 'LRCX', 'IDXX', 'AMD', 'EBAY', 'NVDA', 'MCHP', 'SNPS', 'DLTR']",10,2024,2024-11
2024-11-20,2024-11-20,2024-11-21,"['AMD', 'KLAC', 'AMAT', 'LRCX', 'QCOM', 'AVGO', 'MCHP', 'IDXX', 'DLTR', 'SNPS']",10,2,2,0.4,0.0004799999999999,1.0,1.0,1.0,1.0,,,False,False,ML_Full_EW,"['AMD', 'KLAC', 'AMAT', 'LRCX', 'QCOM', 'AVGO', 'MCHP', 'IDXX', 'DLTR', 'SNPS']",10,2024,2024-11
2024-12-05,2024-12-05,2024-12-06,"['MELI', 'MCHP', 'BIIB', 'JD', 'AMAT', 'KLAC', 'SNPS', 'AMGN', 'KHC', 'QCOM']",10,5,5,1.0,0.0012,1.0,1.0,1.0,1.0,,,False,False,ML_Full_EW,"['MELI', 'MCHP', 'BIIB', 'JD', 'AMAT', 'KLAC', 'SNPS', 'AMGN', 'KHC', 'QCOM']",10,2024,2024-12
2024-12-19,2024-12-19,2024-12-20,"['AMD', 'BIIB', 'MCHP', 'KLAC', 'INTC', 'AMAT', 'IDXX', 'QCOM', 'SNPS', 'MELI']",10,3,3,0.6,0.0007199999999999,1.0,1.0,1.0,1.0,,,False,False,ML_Full_EW,"['AMD', 'BIIB', 'MCHP', 'KLAC', 'INTC', 'AMAT', 'IDXX', 'QCOM', 'SNPS', 'MELI']",10,2024,2024-12
2025-01-22,2025-01-22,2025-01-23,"['MU', 'CTAS', 'AAPL', 'MSFT', 'VRTX', 'AMD', 'AMAT', 'KLAC', 'INTC', 'BIIB']",10,5,5,1.0,0.0012,1.0,1.0,1.0,1.0,,,False,False,ML_Full_EW,"['MU', 'CTAS', 'AAPL', 'MSFT', 'VRTX', 'AMD', 'AMAT', 'KLAC', 'INTC', 'BIIB']",10,2025,2025-01
2025-02-05,2025-02-05,2025-02-06,"['MSFT', 'ORCL', 'NVDA', 'PYPL', 'TSLA', 'NFLX', 'META', 'AMZN', 'AAPL', 'INTC']",10,7,7,1.4,0.0016799999999999,1.0,1.0,1.0,1.0,,,False,False,ML_Full_EW,"['MSFT', 'ORCL', 'NVDA', 'PYPL', 'TSLA', 'NFLX', 'META', 'AMZN', 'AAPL', 'INTC']",10,2025,2025-02
2025-02-20,2025-02-20,2025-02-21,"['NVDA', 'AVGO', 'EA', 'MSFT', 'ORCL', 'META', 'AMZN', 'TSLA', 'AAPL', 'NFLX']",10,2,2,0.4,0.0004799999999999,1.0,1.0,1.0,1.0,,,False,False,ML_Full_EW,"['NVDA', 'AVGO', 'EA', 'MSFT', 'ORCL', 'META', 'AMZN', 'TSLA', 'AAPL', 'NFLX']",10,2025,2025-02
2025-03-06,2025-03-06,2025-03-07,"['AVGO', 'NVDA', 'TSLA', 'MU', 'ORCL', 'AMZN', 'GOOGL', 'NFLX', 'META', 'MSFT']",10,2,2,0.4,0.0004799999999999,1.0,1.0,1.0,1.0,,,False,False,ML_Full_EW,"['AVGO', 'NVDA', 'TSLA', 'MU', 'ORCL', 'AMZN', 'GOOGL', 'NFLX', 'META', 'MSFT']",10,2025,2025-03
2025-03-20,2025-03-20,2025-03-21,"['NVDA', 'AVGO', 'TSLA', 'MU', 'ORCL', 'LRCX', 'AMD', 'MSFT', 'AMZN', 'META']",10,2,2,0.4,0.0004799999999999,1.0,1.0,1.0,1.0,,,False,False,ML_Full_EW,"['NVDA', 'AVGO', 'TSLA', 'MU', 'ORCL', 'LRCX', 'AMD', 'MSFT', 'AMZN', 'META']",10,2025,2025-03
2025-04-03,2025-04-03,2025-04-04,"['NVDA', 'MU', 'AVGO', 'TSLA', 'MCHP', 'AMD', 'LRCX', 'ORCL', 'DXCM', 'META']",10,2,2,0.4,0.0004799999999999,1.0,1.0,1.0,1.0,,,False,False,ML_Full_EW,"['NVDA', 'MU', 'AVGO', 'TSLA', 'MCHP', 'AMD', 'LRCX', 'ORCL', 'DXCM', 'META']",10,2025,2025-04
2025-04-17,2025-04-17,2025-04-21,"['MCHP', 'NVDA', 'MU', 'AVGO', 'ORCL', 'TSLA', 'META', 'LRCX', 'MSFT', 'AMD']",10,1,1,0.2,0.0002399999999999,1.0,1.0,1.0,1.0,,,False,False,ML_Full_EW,"['MCHP', 'NVDA', 'MU', 'AVGO', 'ORCL', 'TSLA', 'META', 'LRCX', 'MSFT', 'AMD']",10,2025,2025-04
2025-05-02,2025-05-02,2025-05-05,"['MCHP', 'NFLX', 'WBD', 'MU', 'KHC', 'BIIB', 'COST', 'ADBE', 'MSFT', 'AVGO']",10,6,6,1.2,0.0014399999999999,1.0,1.0,1.0,1.0,,,False,False,ML_Full_EW,"['MCHP', 'NFLX', 'WBD', 'MU', 'KHC', 'BIIB', 'COST', 'ADBE', 'MSFT', 'AVGO']",10,2025,2025-05
2025-05-16,2025-05-16,2025-05-19,"['MDLZ', 'EA', 'KDP', 'MNST', 'MSFT', 'VRSK', 'PEP', 'KHC', 'TMUS', 'XEL']",10,8,8,1.6,0.0019199999999999,1.0,1.0,1.0,1.0,,,False,False,ML_Full_EW,"['MDLZ', 'EA', 'KDP', 'MNST', 'MSFT', 'VRSK', 'PEP', 'KHC', 'TMUS', 'XEL']",10,2025,2025-05
2025-06-02,2025-06-02,2025-06-03,"['REGN', 'VRTX', 'MNST', 'NFLX', 'EA', 'MSFT', 'MDLZ', 'XEL', 'KDP', 'VRSK']",10,3,3,0.6,0.0007199999999999,1.0,1.0,1.0,1.0,,,False,False,ML_Full_EW,"['REGN', 'VRTX', 'MNST', 'NFLX', 'EA', 'MSFT', 'MDLZ', 'XEL', 'KDP', 'VRSK']",10,2025,2025-06
2025-06-16,2025-06-16,2025-06-17,"['MSFT', 'AAPL', 'COST', 'CHTR', 'SNPS', 'ORCL', 'HON', 'NFLX', 'XEL', 'KDP']",10,6,6,1.2,0.0014399999999999,1.0,1.0,1.0,1.0,,,False,False,ML_Full_EW,"['MSFT', 'AAPL', 'COST', 'CHTR', 'SNPS', 'ORCL', 'HON', 'NFLX', 'XEL', 'KDP']",10,2025,2025-06
2025-07-01,2025-07-01,2025-07-02,"['MSFT', 'COST', 'NVDA', 'TSLA', 'AAPL', 'LULU', 'NFLX', 'ADP', 'KDP', 'HON']",10,4,4,0.8,0.0009599999999999,1.0,1.0,1.0,1.0,,,False,False,ML_Full_EW,"['MSFT', 'COST', 'NVDA', 'TSLA', 'AAPL', 'LULU', 'NFLX', 'ADP', 'KDP', 'HON']",10,2025,2025-07
2025-07-16,2025-07-16,2025-07-17,"['JD', 'LULU', 'BIIB', 'NVDA', 'FTNT', 'AAPL', 'COST', 'PAYX', 'TMUS', 'MSFT']",10,5,5,1.0,0.0012,1.0,1.0,1.0,1.0,,,False,False,ML_Full_EW,"['JD', 'LULU', 'BIIB', 'NVDA', 'FTNT', 'AAPL', 'COST', 'PAYX', 'TMUS', 'MSFT']",10,2025,2025-07
2025-07-30,2025-07-30,2025-07-31,"['TSLA', 'LULU', 'AAPL', 'ODFL', 'INTC', 'NVDA', 'MSFT', 'FTNT', 'BIIB', 'JD']",10,3,3,0.6,0.0007199999999999,1.0,1.0,1.0,1.0,,,False,False,ML_Full_EW,"['TSLA', 'LULU', 'AAPL', 'ODFL', 'INTC', 'NVDA', 'MSFT', 'FTNT', 'BIIB', 'JD']",10,2025,2025-07
2025-08-13,2025-08-13,2025-08-14,"['TXN', 'TSLA', 'AAPL', 'MSFT', 'NFLX', 'AMZN', 'NVDA', 'FTNT', 'COST', 'CRM']",10,5,5,1.0,0.0012,1.0,1.0,1.0,1.0,,,False,False,ML_Full_EW,"['TXN', 'TSLA', 'AAPL', 'MSFT', 'NFLX', 'AMZN', 'NVDA', 'FTNT', 'COST', 'CRM']",10,2025,2025-08
2025-08-27,2025-08-27,2025-08-28,"['DXCM', 'AMZN', 'TSLA', 'AAPL', 'MSFT', 'CRM', 'NFLX', 'NVDA', 'FTNT', 'COST']",10,1,1,0.2,0.0002399999999999,1.0,1.0,1.0,1.0,,,False,False,ML_Full_EW,"['DXCM', 'AMZN', 'TSLA', 'AAPL', 'MSFT', 'CRM', 'NFLX', 'NVDA', 'FTNT', 'COST']",10,2025,2025-08
2025-09-11,2025-09-11,2025-09-12,"['LULU', 'META', 'MSFT', 'NVDA', 'AMZN', 'AMAT', 'NFLX', 'AAPL', 'PYPL', 'DXCM']",10,4,4,0.8,0.0009599999999999,1.0,1.0,1.0,1.0,,,False,False,ML_Full_EW,"['LULU', 'META', 'MSFT', 'NVDA', 'AMZN', 'AMAT', 'NFLX', 'AAPL', 'PYPL', 'DXCM']",10,2025,2025-09
2025-09-25,2025-09-25,2025-09-26,"['MSFT', 'AMZN', 'AMGN', 'HON', 'COST', 'NFLX', 'META', 'DXCM', 'PYPL', 'LULU']",10,3,3,0.6,0.0007199999999999,1.0,1.0,1.0,1.0,,,False,False,ML_Full_EW,"['MSFT', 'AMZN', 'AMGN', 'HON', 'COST', 'NFLX', 'META', 'DXCM', 'PYPL', 'LULU']",10,2025,2025-09
2025-10-09,2025-10-09,2025-10-10,"['CHTR', 'SBUX', 'VRSK', 'CMCSA', 'TXN', 'INTU', 'MSFT', 'HON', 'COST', 'LULU']",10,6,6,1.2,0.0014399999999999,1.0,1.0,1.0,1.0,,,False,False,ML_Full_EW,"['CHTR', 'SBUX', 'VRSK', 'CMCSA', 'TXN', 'INTU', 'MSFT', 'HON', 'COST', 'LULU']",10,2025,2025-10
2025-10-23,2025-10-23,2025-10-24,"['NFLX', 'ODFL', 'MSFT', 'AMZN', 'NVDA', 'PYPL', 'ILMN', 'CHTR', 'COST', 'INTU']",10,6,6,1.2,0.0014399999999999,1.0,1.0,1.0,1.0,,,False,False,ML_Full_EW,"['NFLX', 'ODFL', 'MSFT', 'AMZN', 'NVDA', 'PYPL', 'ILMN', 'CHTR', 'COST', 'INTU']",10,2025,2025-10
2025-11-06,2025-11-06,2025-11-07,"['SNPS', 'DXCM', 'META', 'LULU', 'KDP', 'NVDA', 'MSFT', 'NFLX', 'AMZN', 'CHTR']",10,5,5,1.0,0.0012,1.0,1.0,1.0,1.0,,,False,False,ML_Full_EW,"['SNPS', 'DXCM', 'META', 'LULU', 'KDP', 'NVDA', 'MSFT', 'NFLX', 'AMZN', 'CHTR']",10,2025,2025-11
2025-11-20,2025-11-20,2025-11-21,"['MELI', 'SNPS', 'PYPL', 'AMZN', 'LULU', 'META', 'NFLX', 'DXCM', 'MSFT', 'NVDA']",10,2,2,0.4,0.0004799999999999,1.0,1.0,1.0,1.0,,,False,False,ML_Full_EW,"['MELI', 'SNPS', 'PYPL', 'AMZN', 'LULU', 'META', 'NFLX', 'DXCM', 'MSFT', 'NVDA']",10,2025,2025-11
2025-12-05,2025-12-05,2025-12-08,"['SNPS', 'MCHP', 'NVDA', 'AMZN', 'TSLA', 'MELI', 'META', 'MSFT', 'PYPL', 'NFLX']",10,2,2,0.4,0.0004799999999999,1.0,1.0,1.0,1.0,,,False,False,ML_Full_EW,"['SNPS', 'MCHP', 'NVDA', 'AMZN', 'TSLA', 'MELI', 'META', 'MSFT', 'PYPL', 'NFLX']",10,2025,2025-12
2025-12-19,2025-12-19,2025-12-22,"['TSLA', 'NVDA', 'AMZN', 'META', 'PYPL', 'NFLX', 'MSFT', 'MCHP', 'MELI', 'SNPS']",10,0,0,0.0,0.0,1.0,1.0,1.0,1.0,,,False,False,ML_Full_EW,"['TSLA', 'NVDA', 'AMZN', 'META', 'PYPL', 'NFLX', 'MSFT', 'MCHP', 'MELI', 'SNPS']",10,2025,2025-12
2026-01-21,2026-01-21,2026-01-22,"['ORCL', 'INTC', 'TSLA', 'LRCX', 'DXCM', 'AVGO', 'AMD', 'DLTR', 'MU', 'NVDA']",10,8,8,1.6,0.0019199999999999,1.0,1.0,1.0,1.0,,,False,False,ML_Full_EW,"['ORCL', 'INTC', 'TSLA', 'LRCX', 'DXCM', 'AVGO', 'AMD', 'DLTR', 'MU', 'NVDA']",10,2026,2026-01
2026-02-04,2026-02-04,2026-02-05,"['AMD', 'PYPL', 'MU', 'AVGO', 'ORCL', 'KLAC', 'LRCX', 'TSLA', 'INTC', 'NVDA']",10,2,2,0.4,0.0004799999999999,1.0,1.0,1.0,1.0,,,False,False,ML_Full_EW,"['AMD', 'PYPL', 'MU', 'AVGO', 'ORCL', 'KLAC', 'LRCX', 'TSLA', 'INTC', 'NVDA']",10,2026,2026-02
2026-02-19,2026-02-19,2026-02-20,"['AMD', 'ORCL', 'AVGO', 'INTU', 'PANW', 'PYPL', 'LRCX', 'KLAC', 'INTC', 'MU']",10,2,2,0.4,0.0004799999999999,1.0,1.0,1.0,1.0,,,False,False,ML_Full_EW,"['AMD', 'ORCL', 'AVGO', 'INTU', 'PANW', 'PYPL', 'LRCX', 'KLAC', 'INTC', 'MU']",10,2026,2026-02
2020-01-16,2020-01-16,2020-01-17,"['LRCX', 'MELI', 'NVDA', 'FTNT', 'KLAC', 'AMAT', 'JD', 'NFLX', 'AMD', 'MU']",10,0,10,1.0,0.0012,1.0,1.0,1.0,1.0,,,False,False,ML_Full_CW,"['LRCX', 'MELI', 'NVDA', 'FTNT', 'KLAC', 'AMAT', 'JD', 'NFLX', 'AMD', 'MU']",10,2020,2020-01
2020-01-31,2020-01-31,2020-02-03,"['KLAC', 'AMD', 'FTNT', 'AMAT', 'NVDA', 'AAPL', 'QCOM', 'JD', 'MU', 'MELI']",10,2,2,0.4,0.0004799999999999,1.0,1.0,1.0,1.0,,,False,False,ML_Full_CW,"['KLAC', 'AMD', 'FTNT', 'AMAT', 'NVDA', 'AAPL', 'QCOM', 'JD', 'MU', 'MELI']",10,2020,2020-01
2020-02-14,2020-02-14,2020-02-18,"['MU', 'KLAC', 'AVGO', 'MCHP', 'AMAT', 'NVDA', 'JD', 'AMD', 'QCOM', 'FTNT']",10,2,2,0.4,0.0004799999999999,1.0,1.0,1.0,1.0,,,False,False,ML_Full_CW,"['MU', 'KLAC', 'AVGO', 'MCHP', 'AMAT', 'NVDA', 'JD', 'AMD', 'QCOM', 'FTNT']",10,2020,2020-02
2020-03-02,2020-03-02,2020-03-03,"['AMD', 'AAPL', 'TSLA', 'MCHP', 'MU', 'JD', 'MELI', 'PANW', 'AMAT', 'NVDA']",10,4,4,0.8,0.0009599999999999,1.0,1.0,1.0,1.0,,,False,False,ML_Full_CW,"['AMD', 'AAPL', 'TSLA', 'MCHP', 'MU', 'JD', 'MELI', 'PANW', 'AMAT', 'NVDA']",10,2020,2020-03
2020-03-16,2020-03-16,2020-03-17,"['MCHP', 'AMAT', 'MU', 'LULU', 'TSLA', 'INTC', 'MELI', 'NVDA', 'AMD', 'AAPL']",10,2,2,0.4,0.0004799999999999,1.0,1.0,1.0,1.0,,,False,False,ML_Full_CW,"['MCHP', 'AMAT', 'MU', 'LULU', 'TSLA', 'INTC', 'MELI', 'NVDA', 'AMD', 'AAPL']",10,2020,2020-03
2020-03-30,2020-03-30,2020-03-31,"['AMAT', 'KLAC', 'LRCX', 'INTC', 'MCHP', 'TSLA', 'NVDA', 'MU', 'AMD', 'MELI']",10,2,2,0.4,0.0004799999999999,1.0,1.0,1.0,1.0,,,False,False,ML_Full_CW,"['AMAT', 'KLAC', 'LRCX', 'INTC', 'MCHP', 'TSLA', 'NVDA', 'MU', 'AMD', 'MELI']",10,2020,2020-03
2020-04-14,2020-04-14,2020-04-15,"['AMAT', 'NVDA', 'LRCX', 'WBD', 'MU', 'MELI', 'CSX', 'INTC', 'KLAC', 'MCHP']",10,2,2,0.4,0.0004799999999999,1.0,1.0,1.0,1.0,,,False,False,ML_Full_CW,"['AMAT', 'NVDA', 'LRCX', 'WBD', 'MU', 'MELI', 'CSX', 'INTC', 'KLAC', 'MCHP']",10,2020,2020-04
2020-04-28,2020-04-28,2020-04-29,"['ADI', 'AVGO', 'LRCX', 'AMAT', 'NVDA', 'MCHP', 'MELI', 'CTAS', 'MU', 'KLAC']",10,3,3,0.6,0.0007199999999999,1.0,1.0,1.0,1.0,,,False,False,ML_Full_CW,"['ADI', 'AVGO', 'LRCX', 'AMAT', 'NVDA', 'MCHP', 'MELI', 'CTAS', 'MU', 'KLAC']",10,2020,2020-04
2020-05-12,2020-05-12,2020-05-13,"['CTAS', 'MU', 'AVGO', 'PAYX', 'NVDA', 'LRCX', 'KLAC', 'MCHP', 'ADI', 'AMAT']",10,1,1,0.2,0.0002399999999999,1.0,1.0,1.0,1.0,,,False,False,ML_Full_CW,"['CTAS', 'MU', 'AVGO', 'PAYX', 'NVDA', 'LRCX', 'KLAC', 'MCHP', 'ADI', 'AMAT']",10,2020,2020-05
2020-05-27,2020-05-27,2020-05-28,"['CDNS', 'INTC', 'MU', 'KLAC', 'PAYX', 'AMD', 'ADI', 'AVGO', 'MCHP', 'AMAT']",10,3,3,0.6,0.0007199999999999,1.0,1.0,1.0,1.0,,,False,False,ML_Full_CW,"['CDNS', 'INTC', 'MU', 'KLAC', 'PAYX', 'AMD', 'ADI', 'AVGO', 'MCHP', 'AMAT']",10,2020,2020-05
2020-06-10,2020-06-10,2020-06-11,"['PAYX', 'WBD', 'CDNS', 'INTC', 'ADI', 'AVGO', 'FTNT', 'AMD', 'MU', 'AMAT']",10,2,2,0.4,0.0004799999999999,1.0,1.0,1.0,1.0,,,False,False,ML_Full_CW,"['PAYX', 'WBD', 'CDNS', 'INTC', 'ADI', 'AVGO', 'FTNT', 'AMD', 'MU', 'AMAT']",10,2020,2020-06
2020-06-24,2020-06-24,2020-06-25,"['AMD', 'DXCM', 'CDNS', 'ISRG', 'TSLA', 'MU', 'LRCX', 'WBD', 'PAYX', 'AMAT']",10,4,4,0.8,0.0009599999999999,1.0,1.0,1.0,1.0,,,False,False,ML_Full_CW,"['AMD', 'DXCM', 'CDNS', 'ISRG', 'TSLA', 'MU', 'LRCX', 'WBD', 'PAYX', 'AMAT']",10,2020,2020-06
2020-07-09,2020-07-09,2020-07-10,"['WBD', 'MU', 'AMAT', 'DXCM', 'AMD', 'LRCX', 'BKNG', 'ROST', 'ADI', 'TSLA']",10,3,3,0.6,0.0007199999999999,1.0,1.0,1.0,1.0,,,False,False,ML_Full_CW,"['WBD', 'MU', 'AMAT', 'DXCM', 'AMD', 'LRCX', 'BKNG', 'ROST', 'ADI', 'TSLA']",10,2020,2020-07
2020-07-23,2020-07-23,2020-07-24,"['NVDA', 'WBD', 'JD', 'DXCM', 'PYPL', 'BKNG', 'ADI', 'AMAT', 'LRCX', 'MU']",10,3,3,0.6,0.0007199999999999,1.0,1.0,1.0,1.0,,,False,False,ML_Full_CW,"['NVDA', 'WBD', 'JD', 'DXCM', 'PYPL', 'BKNG', 'ADI', 'AMAT', 'LRCX', 'MU']",10,2020,2020-07
2020-08-06,2020-08-06,2020-08-07,"['JD', 'WBD', 'AMAT', 'FTNT', 'MU', 'LRCX', 'DXCM', 'MCHP', 'NVDA', 'ADI']",10,2,2,0.4,0.0004799999999999,1.0,1.0,1.0,1.0,,,False,False,ML_Full_CW,"['JD', 'WBD', 'AMAT', 'FTNT', 'MU', 'LRCX', 'DXCM', 'MCHP', 'NVDA', 'ADI']",10,2020,2020-08
2020-08-20,2020-08-20,2020-08-21,"['WBD', 'DXCM', 'FTNT', 'NFLX', 'ROST', 'LRCX', 'MCHP', 'META', 'MU', 'NVDA']",10,3,3,0.6,0.0007199999999999,1.0,1.0,1.0,1.0,,,False,False,ML_Full_CW,"['WBD', 'DXCM', 'FTNT', 'NFLX', 'ROST', 'LRCX', 'MCHP', 'META', 'MU', 'NVDA']",10,2020,2020-08
2020-09-03,2020-09-03,2020-09-04,"['FTNT', 'AMZN', 'WBD', 'DXCM', 'AMD', 'ILMN', 'MELI', 'NFLX', 'NVDA', 'ROST']",10,4,4,0.8,0.0009599999999999,1.0,1.0,1.0,1.0,,,False,False,ML_Full_CW,"['FTNT', 'AMZN', 'WBD', 'DXCM', 'AMD', 'ILMN', 'MELI', 'NFLX', 'NVDA', 'ROST']",10,2020,2020-09
2020-09-18,2020-09-18,2020-09-21,"['AMD', 'AMZN', 'AAPL', 'FTNT', 'TSLA', 'NVDA', 'DXCM', 'MELI', 'NFLX', 'ILMN']",10,2,2,0.4,0.0004799999999999,1.0,1.0,1.0,1.0,,,False,False,ML_Full_CW,"['AMD', 'AMZN', 'AAPL', 'FTNT', 'TSLA', 'NVDA', 'DXCM', 'MELI', 'NFLX', 'ILMN']",10,2020,2020-09
2020-10-02,2020-10-02,2020-10-05,"['AAPL', 'CRM', 'TSLA', 'AMD', 'MELI', 'DXCM', 'FTNT', 'NVDA', 'QCOM', 'NFLX']",10,2,2,0.4,0.0004799999999999,1.0,1.0,1.0,1.0,,,False,False,ML_Full_CW,"['AAPL', 'CRM', 'TSLA', 'AMD', 'MELI', 'DXCM', 'FTNT', 'NVDA', 'QCOM', 'NFLX']",10,2020,2020-10
2020-10-16,2020-10-16,2020-10-19,"['AAPL', 'CRM', 'AMD', 'NVDA', 'WBD', 'TSLA', 'MELI', 'NFLX', 'DXCM', 'QCOM']",10,1,1,0.2,0.0002399999999999,1.0,1.0,1.0,1.0,,,False,False,ML_Full_CW,"['AAPL', 'CRM', 'AMD', 'NVDA', 'WBD', 'TSLA', 'MELI', 'NFLX', 'DXCM', 'QCOM']",10,2020,2020-10
2020-10-30,2020-10-30,2020-11-02,"['NVDA', 'CRM', 'TSLA', 'AAPL', 'DXCM', 'ADBE', 'AMD', 'WBD', 'NFLX', 'MELI']",10,1,1,0.2,0.0002399999999999,1.0,1.0,1.0,1.0,,,False,False,ML_Full_CW,"['NVDA', 'CRM', 'TSLA', 'AAPL', 'DXCM', 'ADBE', 'AMD', 'WBD', 'NFLX', 'MELI']",10,2020,2020-10
2020-11-13,2020-11-13,2020-11-16,"['CRM', 'TSLA', 'NVDA', 'META', 'AAPL', 'ADBE', 'AMD', 'WDAY', 'MELI', 'DXCM']",10,2,2,0.4,0.0004799999999999,1.0,1.0,1.0,1.0,,,False,False,ML_Full_CW,"['CRM', 'TSLA', 'NVDA', 'META', 'AAPL', 'ADBE', 'AMD', 'WDAY', 'MELI', 'DXCM']",10,2020,2020-11
2020-11-30,2020-11-30,2020-12-01,"['AAPL', 'NVDA', 'AMZN', 'KLAC', 'DXCM', 'MELI', 'ADBE', 'META', 'AMD', 'TSLA']",10,2,2,0.4,0.0004799999999999,1.0,1.0,1.0,1.0,,,False,False,ML_Full_CW,"['AAPL', 'NVDA', 'AMZN', 'KLAC', 'DXCM', 'MELI', 'ADBE', 'META', 'AMD', 'TSLA']",10,2020,2020-11
2020-12-14,2020-12-14,2020-12-15,"['BIIB', 'QCOM', 'META', 'DXCM', 'NVDA', 'WDAY', 'AAPL', 'AMZN', 'TSLA', 'AMD']",10,3,3,0.6,0.0007199999999999,1.0,1.0,1.0,1.0,,,False,False,ML_Full_CW,"['BIIB', 'QCOM', 'META', 'DXCM', 'NVDA', 'WDAY', 'AAPL', 'AMZN', 'TSLA', 'AMD']",10,2020,2020-12
2020-12-29,2020-12-29,2020-12-30,"['MELI', 'DXCM', 'QCOM', 'PYPL', 'BIIB', 'AMD', 'TSLA', 'NVDA', 'META', 'WDAY']",10,2,2,0.4,0.0004799999999999,1.0,1.0,1.0,1.0,,,False,False,ML_Full_CW,"['MELI', 'DXCM', 'QCOM', 'PYPL', 'BIIB', 'AMD', 'TSLA', 'NVDA', 'META', 'WDAY']",10,2020,2020-12
2021-01-28,2021-01-28,2021-01-29,"['AMZN', 'JD', 'AMAT', 'TSLA', 'NVDA', 'DXCM', 'MELI', 'QCOM', 'AMD', 'WDAY']",10,3,3,0.6,0.0007199999999999,1.0,1.0,1.0,1.0,,,False,False,ML_Full_CW,"['AMZN', 'JD', 'AMAT', 'TSLA', 'NVDA', 'DXCM', 'MELI', 'QCOM', 'AMD', 'WDAY']",10,2021,2021-01
2021-02-11,2021-02-11,2021-02-12,"['TSLA', 'MELI', 'LRCX', 'WBD', 'AMZN', 'MU', 'AMAT', 'QCOM', 'JD', 'DXCM']",10,3,3,0.6,0.0007199999999999,1.0,1.0,1.0,1.0,,,False,False,ML_Full_CW,"['TSLA', 'MELI', 'LRCX', 'WBD', 'AMZN', 'MU', 'AMAT', 'QCOM', 'JD', 'DXCM']",10,2021,2021-02
2021-02-26,2021-02-26,2021-03-01,"['TSLA', 'MELI', 'AMZN', 'WBD', 'PYPL', 'KLAC', 'QCOM', 'JD', 'MU', 'LRCX']",10,2,2,0.4,0.0004799999999999,1.0,1.0,1.0,1.0,,,False,False,ML_Full_CW,"['TSLA', 'MELI', 'AMZN', 'WBD', 'PYPL', 'KLAC', 'QCOM', 'JD', 'MU', 'LRCX']",10,2021,2021-02
2021-03-12,2021-03-12,2021-03-15,"['AMD', 'AMZN', 'JD', 'TSLA', 'MU', 'LRCX', 'QCOM', 'MELI', 'KLAC', 'PYPL']",10,1,1,0.2,0.0002399999999999,1.0,1.0,1.0,1.0,,,False,False,ML_Full_CW,"['AMD', 'AMZN', 'JD', 'TSLA', 'MU', 'LRCX', 'QCOM', 'MELI', 'KLAC', 'PYPL']",10,2021,2021-03
2021-03-26,2021-03-26,2021-03-29,"['MU', 'AMD', 'LRCX', 'AMAT', 'KLAC', 'MELI', 'TSLA', 'JD', 'QCOM', 'PYPL']",10,1,1,0.2,0.0002399999999999,1.0,1.0,1.0,1.0,,,False,False,ML_Full_CW,"['MU', 'AMD', 'LRCX', 'AMAT', 'KLAC', 'MELI', 'TSLA', 'JD', 'QCOM', 'PYPL']",10,2021,2021-03
2021-04-12,2021-04-12,2021-04-13,"['TSLA', 'AMD', 'AMAT', 'MELI', 'QCOM', 'KLAC', 'INTC', 'MCHP', 'MU', 'WBD']",10,3,3,0.6,0.0007199999999999,1.0,1.0,1.0,1.0,,,False,False,ML_Full_CW,"['TSLA', 'AMD', 'AMAT', 'MELI', 'QCOM', 'KLAC', 'INTC', 'MCHP', 'MU', 'WBD']",10,2021,2021-04
2021-04-26,2021-04-26,2021-04-27,"['TSLA', 'MELI', 'MCHP', 'QCOM', 'VRSK', 'LRCX', 'SNPS', 'KLAC', 'AMAT', 'AMD']",10,3,3,0.6,0.0007199999999999,1.0,1.0,1.0,1.0,,,False,False,ML_Full_CW,"['TSLA', 'MELI', 'MCHP', 'QCOM', 'VRSK', 'LRCX', 'SNPS', 'KLAC', 'AMAT', 'AMD']",10,2021,2021-04
2021-05-10,2021-05-10,2021-05-11,"['AMAT', 'MELI', 'TSLA', 'LRCX', 'AAPL', 'SNPS', 'PYPL', 'JD', 'AMD', 'KLAC']",10,3,3,0.6,0.0007199999999999,1.0,1.0,1.0,1.0,,,False,False,ML_Full_CW,"['AMAT', 'MELI', 'TSLA', 'LRCX', 'AAPL', 'SNPS', 'PYPL', 'JD', 'AMD', 'KLAC']",10,2021,2021-05
2021-05-24,2021-05-24,2021-05-25,"['WBD', 'MELI', 'AMAT', 'LRCX', 'AMZN', 'TSLA', 'KLAC', 'AAPL', 'JD', 'AMD']",10,2,2,0.4,0.0004799999999999,1.0,1.0,1.0,1.0,,,False,False,ML_Full_CW,"['WBD', 'MELI', 'AMAT', 'LRCX', 'AMZN', 'TSLA', 'KLAC', 'AAPL', 'JD', 'AMD']",10,2021,2021-05
2021-06-08,2021-06-08,2021-06-09,"['WBD', 'AMAT', 'LRCX', 'AMZN', 'KLAC', 'NVDA', 'MELI', 'FTNT', 'TSLA', 'AAPL']",10,2,2,0.4,0.0004799999999999,1.0,1.0,1.0,1.0,,,False,False,ML_Full_CW,"['WBD', 'AMAT', 'LRCX', 'AMZN', 'KLAC', 'NVDA', 'MELI', 'FTNT', 'TSLA', 'AAPL']",10,2021,2021-06
2021-06-22,2021-06-22,2021-06-23,"['WBD', 'AMAT', 'LRCX', 'TSLA', 'AAPL', 'BIIB', 'MCHP', 'NVDA', 'KLAC', 'MELI']",10,2,2,0.4,0.0004799999999999,1.0,1.0,1.0,1.0,,,False,False,ML_Full_CW,"['WBD', 'AMAT', 'LRCX', 'TSLA', 'AAPL', 'BIIB', 'MCHP', 'NVDA', 'KLAC', 'MELI']",10,2021,2021-06
2021-07-07,2021-07-07,2021-07-08,"['AMAT', 'WBD', 'KLAC', 'NVDA', 'BIIB', 'AMD', 'LRCX', 'TSLA', 'MELI', 'MCHP']",10,1,1,0.2,0.0002399999999999,1.0,1.0,1.0,1.0,,,False,False,ML_Full_CW,"['AMAT', 'WBD', 'KLAC', 'NVDA', 'BIIB', 'AMD', 'LRCX', 'TSLA', 'MELI', 'MCHP']",10,2021,2021-07
2021-07-21,2021-07-21,2021-07-22,"['BIIB', 'AMAT', 'NVDA', 'TSLA', 'WBD', 'LRCX', 'KLAC', 'MELI', 'AMD', 'MCHP']",10,0,0,0.0,0.0,1.0,1.0,1.0,1.0,,,False,False,ML_Full_CW,"['BIIB', 'AMAT', 'NVDA', 'TSLA', 'WBD', 'LRCX', 'KLAC', 'MELI', 'AMD', 'MCHP']",10,2021,2021-07
2021-08-04,2021-08-04,2021-08-05,"['NVDA', 'AMD', 'WBD', 'BIIB', 'TSLA', 'MELI', 'MCHP', 'LRCX', 'KLAC', 'AMAT']",10,0,0,0.0,0.0,1.0,1.0,1.0,1.0,,,False,False,ML_Full_CW,"['NVDA', 'AMD', 'WBD', 'BIIB', 'TSLA', 'MELI', 'MCHP', 'LRCX', 'KLAC', 'AMAT']",10,2021,2021-08
2021-08-18,2021-08-18,2021-08-19,"['NVDA', 'AAPL', 'TSLA', 'AMD', 'MELI', 'WBD', 'AMAT', 'MCHP', 'LRCX', 'KLAC']",10,1,1,0.2,0.0002399999999999,1.0,1.0,1.0,1.0,,,False,False,ML_Full_CW,"['NVDA', 'AAPL', 'TSLA', 'AMD', 'MELI', 'WBD', 'AMAT', 'MCHP', 'LRCX', 'KLAC']",10,2021,2021-08
2021-09-01,2021-09-01,2021-09-02,"['NVDA', 'AAPL', 'AMD', 'FTNT', 'JD', 'WBD', 'TSLA', 'MELI', 'LRCX', 'AMAT']",10,2,2,0.4,0.0004799999999999,1.0,1.0,1.0,1.0,,,False,False,ML_Full_CW,"['NVDA', 'AAPL', 'AMD', 'FTNT', 'JD', 'WBD', 'TSLA', 'MELI', 'LRCX', 'AMAT']",10,2021,2021-09
2021-09-16,2021-09-16,2021-09-17,"['NVDA', 'AMD', 'MELI', 'BIIB', 'FTNT', 'MU', 'WBD', 'JD', 'MNST', 'LRCX']",10,3,3,0.6,0.0007199999999999,1.0,1.0,1.0,1.0,,,False,False,ML_Full_CW,"['NVDA', 'AMD', 'MELI', 'BIIB', 'FTNT', 'MU', 'WBD', 'JD', 'MNST', 'LRCX']",10,2021,2021-09
2021-09-30,2021-09-30,2021-10-01,"['MELI', 'AMD', 'AMZN', 'NVDA', 'JD', 'MNST', 'FTNT', 'LRCX', 'WBD', 'MU']",10,1,1,0.2,0.0002399999999999,1.0,1.0,1.0,1.0,,,False,False,ML_Full_CW,"['MELI', 'AMD', 'AMZN', 'NVDA', 'JD', 'MNST', 'FTNT', 'LRCX', 'WBD', 'MU']",10,2021,2021-09
2021-10-14,2021-10-14,2021-10-15,"['NVDA', 'MELI', 'AAPL', 'FTNT', 'JD', 'WBD', 'AMD', 'DXCM', 'LRCX', 'MU']",10,2,2,0.4,0.0004799999999999,1.0,1.0,1.0,1.0,,,False,False,ML_Full_CW,"['NVDA', 'MELI', 'AAPL', 'FTNT', 'JD', 'WBD', 'AMD', 'DXCM', 'LRCX', 'MU']",10,2021,2021-10
2021-10-28,2021-10-28,2021-10-29,"['FTNT', 'AAPL', 'NVDA', 'WBD', 'MELI', 'JD', 'SNPS', 'ILMN', 'LRCX', 'AMD']",10,2,2,0.4,0.0004799999999999,1.0,1.0,1.0,1.0,,,False,False,ML_Full_CW,"['FTNT', 'AAPL', 'NVDA', 'WBD', 'MELI', 'JD', 'SNPS', 'ILMN', 'LRCX', 'AMD']",10,2021,2021-10
2021-11-11,2021-11-11,2021-11-12,"['AAPL', 'PYPL', 'TSLA', 'NVDA', 'WBD', 'MELI', 'JD', 'SNPS', 'AMD', 'FTNT']",10,2,2,0.4,0.0004799999999999,1.0,1.0,1.0,1.0,,,False,False,ML_Full_CW,"['AAPL', 'PYPL', 'TSLA', 'NVDA', 'WBD', 'MELI', 'JD', 'SNPS', 'AMD', 'FTNT']",10,2021,2021-11
2021-11-26,2021-11-26,2021-11-29,"['MSFT', 'MELI', 'PYPL', 'WBD', 'TSLA', 'AAPL', 'DLTR', 'JD', 'NVDA', 'AMD']",10,2,2,0.4,0.0004799999999999,1.0,1.0,1.0,1.0,,,False,False,ML_Full_CW,"['MSFT', 'MELI', 'PYPL', 'WBD', 'TSLA', 'AAPL', 'DLTR', 'JD', 'NVDA', 'AMD']",10,2021,2021-11
2021-12-10,2021-12-10,2021-12-13,"['AMD', 'TSLA', 'MELI', 'INTU', 'NVDA', 'AMZN', 'FTNT', 'PYPL', 'WBD', 'QCOM']",10,4,4,0.8,0.0009599999999999,1.0,1.0,1.0,1.0,,,False,False,ML_Full_CW,"['AMD', 'TSLA', 'MELI', 'INTU', 'NVDA', 'AMZN', 'FTNT', 'PYPL', 'WBD', 'QCOM']",10,2021,2021-12
2021-12-27,2021-12-27,2021-12-28,"['AMD', 'QCOM', 'TSLA', 'NVDA', 'MELI', 'JD', 'FTNT', 'WBD', 'AAPL', 'ORCL']",10,3,3,0.6,0.0007199999999999,1.0,1.0,1.0,1.0,,,False,False,ML_Full_CW,"['AMD', 'QCOM', 'TSLA', 'NVDA', 'MELI', 'JD', 'FTNT', 'WBD', 'AAPL', 'ORCL']",10,2021,2021-12
2022-01-25,2022-01-25,2022-01-26,"['NVDA', 'NFLX', 'TSLA', 'AMD', 'FTNT', 'MELI', 'CDNS', 'DXCM', 'ADBE', 'SNPS']",10,5,5,1.0,0.0012,1.0,1.0,1.0,1.0,,,False,False,ML_Full_CW,"['NVDA', 'NFLX', 'TSLA', 'AMD', 'FTNT', 'MELI', 'CDNS', 'DXCM', 'ADBE', 'SNPS']",10,2022,2022-01
2022-02-08,2022-02-08,2022-02-09,"['CDNS', 'META', 'PYPL', 'NVDA', 'MELI', 'SNPS', 'DXCM', 'TSLA', 'FTNT', 'ADBE']",10,2,2,0.4,0.0004799999999999,1.0,1.0,1.0,1.0,,,False,False,ML_Full_CW,"['CDNS', 'META', 'PYPL', 'NVDA', 'MELI', 'SNPS', 'DXCM', 'TSLA', 'FTNT', 'ADBE']",10,2022,2022-02
2022-02-23,2022-02-23,2022-02-24,"['TSLA', 'NVDA', 'MELI', 'AMD', 'DXCM', 'ADBE', 'KLAC', 'FTNT', 'SNPS', 'CDNS']",10,2,2,0.4,0.0004799999999999,1.0,1.0,1.0,1.0,,,False,False,ML_Full_CW,"['TSLA', 'NVDA', 'MELI', 'AMD', 'DXCM', 'ADBE', 'KLAC', 'FTNT', 'SNPS', 'CDNS']",10,2022,2022-02
2022-03-09,2022-03-09,2022-03-10,"['NVDA', 'LRCX', 'FTNT', 'MELI', 'AMD', 'KLAC', 'TSLA', 'DXCM', 'SNPS', 'ADBE']",10,1,1,0.2,0.0002399999999999,1.0,1.0,1.0,1.0,,,False,False,ML_Full_CW,"['NVDA', 'LRCX', 'FTNT', 'MELI', 'AMD', 'KLAC', 'TSLA', 'DXCM', 'SNPS', 'ADBE']",10,2022,2022-03
2022-03-23,2022-03-23,2022-03-24,"['IDXX', 'PCAR', 'LRCX', 'KLAC', 'ADI', 'NVDA', 'AMD', 'ADBE', 'FTNT', 'SNPS']",10,3,3,0.6,0.0007199999999999,1.0,1.0,1.0,1.0,,,False,False,ML_Full_CW,"['IDXX', 'PCAR', 'LRCX', 'KLAC', 'ADI', 'NVDA', 'AMD', 'ADBE', 'FTNT', 'SNPS']",10,2022,2022-03
2022-04-06,2022-04-06,2022-04-07,"['ODFL', 'AMD', 'AMAT', 'GOOGL', 'MCHP', 'MSFT', 'LRCX', 'IDXX', 'PCAR', 'KLAC']",10,5,5,1.0,0.0012,1.0,1.0,1.0,1.0,,,False,False,ML_Full_CW,"['ODFL', 'AMD', 'AMAT', 'GOOGL', 'MCHP', 'MSFT', 'LRCX', 'IDXX', 'PCAR', 'KLAC']",10,2022,2022-04
2022-04-21,2022-04-21,2022-04-22,"['PYPL', 'META', 'JD', 'AMD', 'MELI', 'NVDA', 'CRM', 'LRCX', 'NFLX', 'KLAC']",10,7,7,1.4,0.0016799999999999,1.0,1.0,1.0,1.0,,,False,False,ML_Full_CW,"['PYPL', 'META', 'JD', 'AMD', 'MELI', 'NVDA', 'CRM', 'LRCX', 'NFLX', 'KLAC']",10,2022,2022-04
2022-05-05,2022-05-05,2022-05-06,"['MELI', 'NVDA', 'AMZN', 'INTU', 'AMD', 'PYPL', 'CRM', 'CDNS', 'SNPS', 'LRCX']",10,4,4,0.8,0.0009599999999999,1.0,1.0,1.0,1.0,,,False,False,ML_Full_CW,"['MELI', 'NVDA', 'AMZN', 'INTU', 'AMD', 'PYPL', 'CRM', 'CDNS', 'SNPS', 'LRCX']",10,2022,2022-05
2022-05-19,2022-05-19,2022-05-20,"['NVDA', 'MELI', 'TSLA', 'INTU', 'AMD', 'LULU', 'AMZN', 'LRCX', 'CRM', 'CDNS']",10,2,2,0.4,0.0004799999999999,1.0,1.0,1.0,1.0,,,False,False,ML_Full_CW,"['NVDA', 'MELI', 'TSLA', 'INTU', 'AMD', 'LULU', 'AMZN', 'LRCX', 'CRM', 'CDNS']",10,2022,2022-05
2022-06-03,2022-06-03,2022-06-06,"['NVDA', 'MELI', 'TSLA', 'JD', 'INTU', 'CDNS', 'AMZN', 'LULU', 'LRCX', 'AMD']",10,1,1,0.2,0.0002399999999999,1.0,1.0,1.0,1.0,,,False,False,ML_Full_CW,"['NVDA', 'MELI', 'TSLA', 'JD', 'INTU', 'CDNS', 'AMZN', 'LULU', 'LRCX', 'AMD']",10,2022,2022-06
2022-06-17,2022-06-17,2022-06-21,"['MELI', 'NVDA', 'AMD', 'TSLA', 'WBD', 'MU', 'AMAT', 'META', 'ILMN', 'LRCX']",10,5,5,1.0,0.0012,1.0,1.0,1.0,1.0,,,False,False,ML_Full_CW,"['MELI', 'NVDA', 'AMD', 'TSLA', 'WBD', 'MU', 'AMAT', 'META', 'ILMN', 'LRCX']",10,2022,2022-06
2022-07-05,2022-07-05,2022-07-06,"['NVDA', 'AMD', 'MELI', 'NFLX', 'TSLA', 'WBD', 'AMAT', 'LRCX', 'META', 'ILMN']",10,1,1,0.2,0.0002399999999999,1.0,1.0,1.0,1.0,,,False,False,ML_Full_CW,"['NVDA', 'AMD', 'MELI', 'NFLX', 'TSLA', 'WBD', 'AMAT', 'LRCX', 'META', 'ILMN']",10,2022,2022-07
2022-07-19,2022-07-19,2022-07-20,"['ODFL', 'CDNS', 'DXCM', 'FAST', 'EA', 'PCAR', 'GOOGL', 'TSLA', 'CRM', 'META']",10,8,8,1.6,0.0019199999999999,1.0,1.0,1.0,1.0,,,False,False,ML_Full_CW,"['ODFL', 'CDNS', 'DXCM', 'FAST', 'EA', 'PCAR', 'GOOGL', 'TSLA', 'CRM', 'META']",10,2022,2022-07
2022-08-02,2022-08-02,2022-08-03,"['CHTR', 'CMCSA', 'SNPS', 'SBUX', 'PCAR', 'TMUS', 'EA', 'AMGN', 'CDNS', 'GOOGL']",10,6,6,1.2,0.0014399999999999,1.0,1.0,1.0,1.0,,,False,False,ML_Full_CW,"['CHTR', 'CMCSA', 'SNPS', 'SBUX', 'PCAR', 'TMUS', 'EA', 'AMGN', 'CDNS', 'GOOGL']",10,2022,2022-08
2022-08-16,2022-08-16,2022-08-17,"['BIIB', 'TMUS', 'GOOGL', 'VRTX', 'INTU', 'SNPS', 'CHTR', 'AMGN', 'SBUX', 'CDNS']",10,3,3,0.6,0.0007199999999999,1.0,1.0,1.0,1.0,,,False,False,ML_Full_CW,"['BIIB', 'TMUS', 'GOOGL', 'VRTX', 'INTU', 'SNPS', 'CHTR', 'AMGN', 'SBUX', 'CDNS']",10,2022,2022-08
2022-08-30,2022-08-30,2022-08-31,"['NVDA', 'NFLX', 'TSLA', 'GOOGL', 'AMZN', 'CRM', 'CDNS', 'DXCM', 'AMAT', 'INTU']",10,7,7,1.4,0.0016799999999999,1.0,1.0,1.0,1.0,,,False,False,ML_Full_CW,"['NVDA', 'NFLX', 'TSLA', 'GOOGL', 'AMZN', 'CRM', 'CDNS', 'DXCM', 'AMAT', 'INTU']",10,2022,2022-08
2022-09-14,2022-09-14,2022-09-15,"['NVDA', 'AMD', 'AMZN', 'MELI', 'NFLX', 'META', 'AMAT', 'MU', 'GOOGL', 'INTU']",10,4,4,0.8,0.0009599999999999,1.0,1.0,1.0,1.0,,,False,False,ML_Full_CW,"['NVDA', 'AMD', 'AMZN', 'MELI', 'NFLX', 'META', 'AMAT', 'MU', 'GOOGL', 'INTU']",10,2022,2022-09
2022-09-28,2022-09-28,2022-09-29,"['AMD', 'NVDA', 'AMZN', 'MELI', 'LRCX', 'META', 'AMAT', 'GOOGL', 'INTU', 'NFLX']",10,1,1,0.2,0.0002399999999999,1.0,1.0,1.0,1.0,,,False,False,ML_Full_CW,"['AMD', 'NVDA', 'AMZN', 'MELI', 'LRCX', 'META', 'AMAT', 'GOOGL', 'INTU', 'NFLX']",10,2022,2022-09
2022-10-12,2022-10-12,2022-10-13,"['AMD', 'NVDA', 'LRCX', 'AMAT', 'MELI', 'PYPL', 'META', 'AMZN', 'INTU', 'NFLX']",10,1,1,0.2,0.0002399999999999,1.0,1.0,1.0,1.0,,,False,False,ML_Full_CW,"['AMD', 'NVDA', 'LRCX', 'AMAT', 'MELI', 'PYPL', 'META', 'AMZN', 'INTU', 'NFLX']",10,2022,2022-10
2022-10-26,2022-10-26,2022-10-27,"['AMD', 'NVDA', 'AMZN', 'TSLA', 'AAPL', 'MCHP', 'MSFT', 'IDXX', 'MELI', 'INTU']",10,5,5,1.0,0.0012,1.0,1.0,1.0,1.0,,,False,False,ML_Full_CW,"['AMD', 'NVDA', 'AMZN', 'TSLA', 'AAPL', 'MCHP', 'MSFT', 'IDXX', 'MELI', 'INTU']",10,2022,2022-10
2022-11-09,2022-11-09,2022-11-10,"['TSLA', 'WBD', 'AMD', 'AMZN', 'QCOM', 'NVDA', 'AAPL', 'INTU', 'MSFT', 'MELI']",10,2,2,0.4,0.0004799999999999,1.0,1.0,1.0,1.0,,,False,False,ML_Full_CW,"['TSLA', 'WBD', 'AMD', 'AMZN', 'QCOM', 'NVDA', 'AAPL', 'INTU', 'MSFT', 'MELI']",10,2022,2022-11
2022-11-23,2022-11-23,2022-11-25,"['MSFT', 'IDXX', 'AAPL', 'FTNT', 'QCOM', 'AMZN', 'TSLA', 'INTU', 'AMD', 'NVDA']",10,2,2,0.4,0.0004799999999999,1.0,1.0,1.0,1.0,,,False,False,ML_Full_CW,"['MSFT', 'IDXX', 'AAPL', 'FTNT', 'QCOM', 'AMZN', 'TSLA', 'INTU', 'AMD', 'NVDA']",10,2022,2022-11
2022-12-08,2022-12-08,2022-12-09,"['AAPL', 'AMZN', 'TSLA', 'IDXX', 'ODFL', 'AMD', 'META', 'INTC', 'EBAY', 'MSFT']",10,4,4,0.8,0.0009599999999999,1.0,1.0,1.0,1.0,,,False,False,ML_Full_CW,"['AAPL', 'AMZN', 'TSLA', 'IDXX', 'ODFL', 'AMD', 'META', 'INTC', 'EBAY', 'MSFT']",10,2022,2022-12
2022-12-22,2022-12-22,2022-12-23,"['AMD', 'NVDA', 'AMZN', 'TSLA', 'AAPL', 'META', 'EBAY', 'INTC', 'MSFT', 'IDXX']",10,1,1,0.2,0.0002399999999999,1.0,1.0,1.0,1.0,,,False,False,ML_Full_CW,"['AMD', 'NVDA', 'AMZN', 'TSLA', 'AAPL', 'META', 'EBAY', 'INTC', 'MSFT', 'IDXX']",10,2022,2022-12
2023-01-24,2023-01-24,2023-01-25,"['AMAT', 'KLAC', 'EBAY', 'LRCX', 'CTAS', 'ROST', 'KHC', 'ODFL', 'XEL', 'NVDA']",10,8,8,1.6,0.0019199999999999,1.0,1.0,1.0,1.0,,,False,False,ML_Full_CW,"['AMAT', 'KLAC', 'EBAY', 'LRCX', 'CTAS', 'ROST', 'KHC', 'ODFL', 'XEL', 'NVDA']",10,2023,2023-01
2023-02-07,2023-02-07,2023-02-08,"['KHC', 'EA', 'AMGN', 'KDP', 'AZN', 'GILD', 'XEL', 'MNST', 'CTAS', 'ROST']",10,6,6,1.2,0.0014399999999999,1.0,1.0,1.0,1.0,,,False,False,ML_Full_CW,"['KHC', 'EA', 'AMGN', 'KDP', 'AZN', 'GILD', 'XEL', 'MNST', 'CTAS', 'ROST']",10,2023,2023-02
2023-02-22,2023-02-22,2023-02-23,"['JD', 'PAYX', 'IDXX', 'NFLX', 'KLAC', 'CTAS', 'MNST', 'ROST', 'XEL', 'KHC']",10,5,5,1.0,0.0012,1.0,1.0,1.0,1.0,,,False,False,ML_Full_CW,"['JD', 'PAYX', 'IDXX', 'NFLX', 'KLAC', 'CTAS', 'MNST', 'ROST', 'XEL', 'KHC']",10,2023,2023-02
2023-03-08,2023-03-08,2023-03-09,"['IDXX', 'WBD', 'ILMN', 'GOOGL', 'MELI', 'META', 'PAYX', 'NFLX', 'KLAC', 'JD']",10,5,5,1.0,0.0012,1.0,1.0,1.0,1.0,,,False,False,ML_Full_CW,"['IDXX', 'WBD', 'ILMN', 'GOOGL', 'MELI', 'META', 'PAYX', 'NFLX', 'KLAC', 'JD']",10,2023,2023-03
2023-03-22,2023-03-22,2023-03-23,"['IDXX', 'JD', 'PAYX', 'NFLX', 'FAST', 'CTAS', 'XEL', 'BIIB', 'WBD', 'MELI']",10,4,4,0.8,0.0009599999999999,1.0,1.0,1.0,1.0,,,False,False,ML_Full_CW,"['IDXX', 'JD', 'PAYX', 'NFLX', 'FAST', 'CTAS', 'XEL', 'BIIB', 'WBD', 'MELI']",10,2023,2023-03
2023-04-05,2023-04-05,2023-04-06,"['JD', 'PCAR', 'IDXX', 'FAST', 'WBD', 'KHC', 'MELI', 'EBAY', 'PAYX', 'CTAS']",10,3,3,0.6,0.0007199999999999,1.0,1.0,1.0,1.0,,,False,False,ML_Full_CW,"['JD', 'PCAR', 'IDXX', 'FAST', 'WBD', 'KHC', 'MELI', 'EBAY', 'PAYX', 'CTAS']",10,2023,2023-04
2023-04-20,2023-04-20,2023-04-21,"['TSLA', 'IDXX', 'WBD', 'FAST', 'EBAY', 'PAYX', 'JD', 'MELI', 'CTAS', 'PCAR']",10,1,1,0.2,0.0002399999999999,1.0,1.0,1.0,1.0,,,False,False,ML_Full_CW,"['TSLA', 'IDXX', 'WBD', 'FAST', 'EBAY', 'PAYX', 'JD', 'MELI', 'CTAS', 'PCAR']",10,2023,2023-04
2023-05-04,2023-05-04,2023-05-05,"['IDXX', 'NVDA', 'ILMN', 'ADBE', 'WBD', 'META', 'MELI', 'JD', 'TSLA', 'PAYX']",10,4,4,0.8,0.0009599999999999,1.0,1.0,1.0,1.0,,,False,False,ML_Full_CW,"['IDXX', 'NVDA', 'ILMN', 'ADBE', 'WBD', 'META', 'MELI', 'JD', 'TSLA', 'PAYX']",10,2023,2023-05
2023-05-18,2023-05-18,2023-05-19,"['IDXX', 'AMD', 'PAYX', 'META', 'JD', 'WBD', 'MELI', 'ILMN', 'TSLA', 'ADBE']",10,1,1,0.2,0.0002399999999999,1.0,1.0,1.0,1.0,,,False,False,ML_Full_CW,"['IDXX', 'AMD', 'PAYX', 'META', 'JD', 'WBD', 'MELI', 'ILMN', 'TSLA', 'ADBE']",10,2023,2023-05
2023-06-02,2023-06-02,2023-06-05,"['KDP', 'PCAR', 'IDXX', 'XEL', 'AZN', 'DLTR', 'KHC', 'CTAS', 'GILD', 'PAYX']",10,8,8,1.6,0.0019199999999999,1.0,1.0,1.0,1.0,,,False,False,ML_Full_CW,"['KDP', 'PCAR', 'IDXX', 'XEL', 'AZN', 'DLTR', 'KHC', 'CTAS', 'GILD', 'PAYX']",10,2023,2023-06
2023-06-16,2023-06-16,2023-06-20,"['DLTR', 'XEL', 'KDP', 'IDXX', 'AZN', 'CTAS', 'PCAR', 'GILD', 'KHC', 'PAYX']",10,0,0,0.0,0.0,1.0,1.0,1.0,1.0,,,False,False,ML_Full_CW,"['DLTR', 'XEL', 'KDP', 'IDXX', 'AZN', 'CTAS', 'PCAR', 'GILD', 'KHC', 'PAYX']",10,2023,2023-06
2023-07-03,2023-07-03,2023-07-05,"['META', 'AMZN', 'AZN', 'IDXX', 'PAYX', 'CTAS', 'MELI', 'XEL', 'KHC', 'KDP']",10,3,3,0.6,0.0007199999999999,1.0,1.0,1.0,1.0,,,False,False,ML_Full_CW,"['META', 'AMZN', 'AZN', 'IDXX', 'PAYX', 'CTAS', 'MELI', 'XEL', 'KHC', 'KDP']",10,2023,2023-07
2023-07-18,2023-07-18,2023-07-19,"['META', 'AMD', 'ILMN', 'AVGO', 'AZN', 'MELI', 'CTAS', 'XEL', 'KHC', 'KDP']",10,3,3,0.6,0.0007199999999999,1.0,1.0,1.0,1.0,,,False,False,ML_Full_CW,"['META', 'AMD', 'ILMN', 'AVGO', 'AZN', 'MELI', 'CTAS', 'XEL', 'KHC', 'KDP']",10,2023,2023-07
2023-08-01,2023-08-01,2023-08-02,"['TSLA', 'NFLX', 'MELI', 'AZN', 'EBAY', 'XEL', 'AVGO', 'KHC', 'AMD', 'CTAS']",10,3,3,0.6,0.0007199999999999,1.0,1.0,1.0,1.0,,,False,False,ML_Full_CW,"['TSLA', 'NFLX', 'MELI', 'AZN', 'EBAY', 'XEL', 'AVGO', 'KHC', 'AMD', 'CTAS']",10,2023,2023-08
2023-08-15,2023-08-15,2023-08-16,"['TSLA', 'NVDA', 'AVGO', 'NFLX', 'ADBE', 'CDNS', 'META', 'SNPS', 'AMD', 'MSFT']",10,6,6,1.2,0.0014399999999999,1.0,1.0,1.0,1.0,,,False,False,ML_Full_CW,"['TSLA', 'NVDA', 'AVGO', 'NFLX', 'ADBE', 'CDNS', 'META', 'SNPS', 'AMD', 'MSFT']",10,2023,2023-08
2023-08-29,2023-08-29,2023-08-30,"['ADBE', 'TSLA', 'MCHP', 'JD', 'META', 'NVDA', 'NFLX', 'PYPL', 'IDXX', 'MSFT']",10,4,4,0.8,0.0009599999999999,1.0,1.0,1.0,1.0,,,False,False,ML_Full_CW,"['ADBE', 'TSLA', 'MCHP', 'JD', 'META', 'NVDA', 'NFLX', 'PYPL', 'IDXX', 'MSFT']",10,2023,2023-08
2023-09-13,2023-09-13,2023-09-14,"['ADBE', 'META', 'MELI', 'ODFL', 'IDXX', 'MCHP', 'JD', 'NFLX', 'TSLA', 'NVDA']",10,2,2,0.4,0.0004799999999999,1.0,1.0,1.0,1.0,,,False,False,ML_Full_CW,"['ADBE', 'META', 'MELI', 'ODFL', 'IDXX', 'MCHP', 'JD', 'NFLX', 'TSLA', 'NVDA']",10,2023,2023-09
2023-09-27,2023-09-27,2023-09-28,"['NVDA', 'META', 'ORCL', 'TSLA', 'IDXX', 'ADBE', 'JD', 'MCHP', 'NFLX', 'MELI']",10,1,1,0.2,0.0002399999999999,1.0,1.0,1.0,1.0,,,False,False,ML_Full_CW,"['NVDA', 'META', 'ORCL', 'TSLA', 'IDXX', 'ADBE', 'JD', 'MCHP', 'NFLX', 'MELI']",10,2023,2023-09
2023-10-11,2023-10-11,2023-10-12,"['WDAY', 'IDXX', 'NFLX', 'NVDA', 'AMD', 'MELI', 'INTC', 'TSLA', 'ADBE', 'META']",10,3,3,0.6,0.0007199999999999,1.0,1.0,1.0,1.0,,,False,False,ML_Full_CW,"['WDAY', 'IDXX', 'NFLX', 'NVDA', 'AMD', 'MELI', 'INTC', 'TSLA', 'ADBE', 'META']",10,2023,2023-10
2023-10-25,2023-10-25,2023-10-26,"['MCHP', 'TSLA', 'IDXX', 'WDAY', 'AMD', 'META', 'ADBE', 'NVDA', 'INTC', 'MELI']",10,1,1,0.2,0.0002399999999999,1.0,1.0,1.0,1.0,,,False,False,ML_Full_CW,"['MCHP', 'TSLA', 'IDXX', 'WDAY', 'AMD', 'META', 'ADBE', 'NVDA', 'INTC', 'MELI']",10,2023,2023-10
2023-11-08,2023-11-08,2023-11-09,"['PANW', 'NVDA', 'TSLA', 'CDNS', 'IDXX', 'ADBE', 'MCHP', 'META', 'AMD', 'INTC']",10,2,2,0.4,0.0004799999999999,1.0,1.0,1.0,1.0,,,False,False,ML_Full_CW,"['PANW', 'NVDA', 'TSLA', 'CDNS', 'IDXX', 'ADBE', 'MCHP', 'META', 'AMD', 'INTC']",10,2023,2023-11
2023-11-22,2023-11-22,2023-11-24,"['META', 'SNPS', 'PAYX', 'VRSK', 'ADP', 'ADBE', 'INTC', 'QCOM', 'IDXX', 'CDNS']",10,5,5,1.0,0.0012,1.0,1.0,1.0,1.0,,,False,False,ML_Full_CW,"['META', 'SNPS', 'PAYX', 'VRSK', 'ADP', 'ADBE', 'INTC', 'QCOM', 'IDXX', 'CDNS']",10,2023,2023-11
2023-12-07,2023-12-07,2023-12-08,"['SNPS', 'PANW', 'FAST', 'XEL', 'CDNS', 'IDXX', 'QCOM', 'ADBE', 'META', 'VRSK']",10,3,3,0.6,0.0007199999999999,1.0,1.0,1.0,1.0,,,False,False,ML_Full_CW,"['SNPS', 'PANW', 'FAST', 'XEL', 'CDNS', 'IDXX', 'QCOM', 'ADBE', 'META', 'VRSK']",10,2023,2023-12
2023-12-21,2023-12-21,2023-12-22,"['IDXX', 'AMD', 'DXCM', 'QCOM', 'SNPS', 'PANW', 'MELI', 'FAST', 'CDNS', 'VRSK']",10,3,3,0.6,0.0007199999999999,1.0,1.0,1.0,1.0,,,False,False,ML_Full_CW,"['IDXX', 'AMD', 'DXCM', 'QCOM', 'SNPS', 'PANW', 'MELI', 'FAST', 'CDNS', 'VRSK']",10,2023,2023-12
2024-01-23,2024-01-23,2024-01-24,"['AMD', 'NVDA', 'FAST', 'MELI', 'GILD', 'AVGO', 'QCOM', 'CDNS', 'SNPS', 'DXCM']",10,3,3,0.6,0.0007199999999999,1.0,1.0,1.0,1.0,,,False,False,ML_Full_CW,"['AMD', 'NVDA', 'FAST', 'MELI', 'GILD', 'AVGO', 'QCOM', 'CDNS', 'SNPS', 'DXCM']",10,2024,2024-01
2024-02-06,2024-02-06,2024-02-07,"['CHTR', 'XEL', 'AZN', 'EA', 'KDP', 'KHC', 'TMUS', 'HON', 'WBD', 'GILD']",10,9,9,1.8,0.00216,1.0,1.0,1.0,1.0,,,False,False,ML_Full_CW,"['CHTR', 'XEL', 'AZN', 'EA', 'KDP', 'KHC', 'TMUS', 'HON', 'WBD', 'GILD']",10,2024,2024-02
2024-02-21,2024-02-21,2024-02-22,"['INTC', 'AAPL', 'TSLA', 'LULU', 'ADBE', 'NVDA', 'GOOGL', 'VRSK', 'ORCL', 'WBD']",10,9,9,1.8,0.00216,1.0,1.0,1.0,1.0,,,False,False,ML_Full_CW,"['INTC', 'AAPL', 'TSLA', 'LULU', 'ADBE', 'NVDA', 'GOOGL', 'VRSK', 'ORCL', 'WBD']",10,2024,2024-02
2024-03-06,2024-03-06,2024-03-07,"['TSLA', 'PYPL', 'AAPL', 'XEL', 'ADBE', 'WBD', 'BIIB', 'LULU', 'ORCL', 'VRSK']",10,3,3,0.6,0.0007199999999999,1.0,1.0,1.0,1.0,,,False,False,ML_Full_CW,"['TSLA', 'PYPL', 'AAPL', 'XEL', 'ADBE', 'WBD', 'BIIB', 'LULU', 'ORCL', 'VRSK']",10,2024,2024-03
2024-03-20,2024-03-20,2024-03-21,"['MELI', 'BKNG', 'ADBE', 'EA', 'WBD', 'XEL', 'AMGN', 'VRSK', 'AAPL', 'BIIB']",10,4,4,0.8,0.0009599999999999,1.0,1.0,1.0,1.0,,,False,False,ML_Full_CW,"['MELI', 'BKNG', 'ADBE', 'EA', 'WBD', 'XEL', 'AMGN', 'VRSK', 'AAPL', 'BIIB']",10,2024,2024-03
2024-04-04,2024-04-04,2024-04-05,"['ADBE', 'INTC', 'WBD', 'PANW', 'DLTR', 'TSLA', 'LULU', 'MELI', 'BIIB', 'AAPL']",10,5,5,1.0,0.0012,1.0,1.0,1.0,1.0,,,False,False,ML_Full_CW,"['ADBE', 'INTC', 'WBD', 'PANW', 'DLTR', 'TSLA', 'LULU', 'MELI', 'BIIB', 'AAPL']",10,2024,2024-04
2024-04-18,2024-04-18,2024-04-19,"['AMD', 'AVGO', 'SNPS', 'CDNS', 'NVDA', 'MELI', 'INTC', 'ADBE', 'LULU', 'TSLA']",10,5,5,1.0,0.0012,1.0,1.0,1.0,1.0,,,False,False,ML_Full_CW,"['AMD', 'AVGO', 'SNPS', 'CDNS', 'NVDA', 'MELI', 'INTC', 'ADBE', 'LULU', 'TSLA']",10,2024,2024-04
2024-05-02,2024-05-02,2024-05-03,"['NVDA', 'AMD', 'AVGO', 'SNPS', 'LRCX', 'CDNS', 'META', 'CRM', 'KLAC', 'ADBE']",10,4,4,0.8,0.0009599999999999,1.0,1.0,1.0,1.0,,,False,False,ML_Full_CW,"['NVDA', 'AMD', 'AVGO', 'SNPS', 'LRCX', 'CDNS', 'META', 'CRM', 'KLAC', 'ADBE']",10,2024,2024-05
2024-05-16,2024-05-16,2024-05-17,"['SBUX', 'ODFL', 'META', 'DXCM', 'WBD', 'NVDA', 'AMD', 'CDNS', 'SNPS', 'ADBE']",10,4,4,0.8,0.0009599999999999,1.0,1.0,1.0,1.0,,,False,False,ML_Full_CW,"['SBUX', 'ODFL', 'META', 'DXCM', 'WBD', 'NVDA', 'AMD', 'CDNS', 'SNPS', 'ADBE']",10,2024,2024-05
2024-05-31,2024-05-31,2024-06-03,"['WDAY', 'ILMN', 'FTNT', 'ADBE', 'INTU', 'ORCL', 'DXCM', 'EA', 'MNST', 'CDNS']",10,7,7,1.4,0.0016799999999999,1.0,1.0,1.0,1.0,,,False,False,ML_Full_CW,"['WDAY', 'ILMN', 'FTNT', 'ADBE', 'INTU', 'ORCL', 'DXCM', 'EA', 'MNST', 'CDNS']",10,2024,2024-05
2024-06-14,2024-06-14,2024-06-17,"['CRM', 'WDAY', 'INTU', 'LULU', 'INTC', 'WBD', 'CMCSA', 'CSX', 'MNST', 'DXCM']",10,6,6,1.2,0.0014399999999999,1.0,1.0,1.0,1.0,,,False,False,ML_Full_CW,"['CRM', 'WDAY', 'INTU', 'LULU', 'INTC', 'WBD', 'CMCSA', 'CSX', 'MNST', 'DXCM']",10,2024,2024-06
2024-07-01,2024-07-01,2024-07-02,"['PCAR', 'FAST', 'PYPL', 'WBD', 'XEL', 'LULU', 'DLTR', 'PAYX', 'CMCSA', 'MNST']",10,6,6,1.2,0.0014399999999999,1.0,1.0,1.0,1.0,,,False,False,ML_Full_CW,"['PCAR', 'FAST', 'PYPL', 'WBD', 'XEL', 'LULU', 'DLTR', 'PAYX', 'CMCSA', 'MNST']",10,2024,2024-07
2024-07-16,2024-07-16,2024-07-17,"['TSLA', 'NVDA', 'QCOM', 'JD', 'MU', 'META', 'PAYX', 'LULU', 'DLTR', 'XEL']",10,6,6,1.2,0.0014399999999999,1.0,1.0,1.0,1.0,,,False,False,ML_Full_CW,"['TSLA', 'NVDA', 'QCOM', 'JD', 'MU', 'META', 'PAYX', 'LULU', 'DLTR', 'XEL']",10,2024,2024-07
2024-07-30,2024-07-30,2024-07-31,"['QCOM', 'AMAT', 'LRCX', 'KLAC', 'MU', 'AVGO', 'NVDA', 'SNPS', 'TSLA', 'META']",10,5,5,1.0,0.0012,1.0,1.0,1.0,1.0,,,False,False,ML_Full_CW,"['QCOM', 'AMAT', 'LRCX', 'KLAC', 'MU', 'AVGO', 'NVDA', 'SNPS', 'TSLA', 'META']",10,2024,2024-07
2024-08-13,2024-08-13,2024-08-14,"['LRCX', 'AMAT', 'QCOM', 'MU', 'KLAC', 'CDNS', 'SNPS', 'AVGO', 'NVDA', 'TSLA']",10,1,1,0.2,0.0002399999999999,1.0,1.0,1.0,1.0,,,False,False,ML_Full_CW,"['LRCX', 'AMAT', 'QCOM', 'MU', 'KLAC', 'CDNS', 'SNPS', 'AVGO', 'NVDA', 'TSLA']",10,2024,2024-08
2024-08-27,2024-08-27,2024-08-28,"['INTC', 'AMZN', 'MU', 'LRCX', 'AMD', 'MCHP', 'SNPS', 'QCOM', 'AMAT', 'CDNS']",10,4,4,0.8,0.0009599999999999,1.0,1.0,1.0,1.0,,,False,False,ML_Full_CW,"['INTC', 'AMZN', 'MU', 'LRCX', 'AMD', 'MCHP', 'SNPS', 'QCOM', 'AMAT', 'CDNS']",10,2024,2024-08
2024-09-11,2024-09-11,2024-09-12,"['DXCM', 'MU', 'BIIB', 'INTC', 'SNPS', 'AMAT', 'LRCX', 'CDNS', 'MCHP', 'QCOM']",10,2,2,0.4,0.0004799999999999,1.0,1.0,1.0,1.0,,,False,False,ML_Full_CW,"['DXCM', 'MU', 'BIIB', 'INTC', 'SNPS', 'AMAT', 'LRCX', 'CDNS', 'MCHP', 'QCOM']",10,2024,2024-09
2024-09-25,2024-09-25,2024-09-26,"['SNPS', 'MCHP', 'AMAT', 'QCOM', 'DXCM', 'INTC', 'MU', 'CDNS', 'LRCX', 'BIIB']",10,0,0,0.0,0.0,1.0,1.0,1.0,1.0,,,False,False,ML_Full_CW,"['SNPS', 'MCHP', 'AMAT', 'QCOM', 'DXCM', 'INTC', 'MU', 'CDNS', 'LRCX', 'BIIB']",10,2024,2024-09
2024-10-09,2024-10-09,2024-10-10,"['DXCM', 'ADBE', 'BIIB', 'ROST', 'REGN', 'AZN', 'KDP', 'MNST', 'XEL', 'PEP']",10,8,8,1.6,0.0019199999999999,1.0,1.0,1.0,1.0,,,False,False,ML_Full_CW,"['DXCM', 'ADBE', 'BIIB', 'ROST', 'REGN', 'AZN', 'KDP', 'MNST', 'XEL', 'PEP']",10,2024,2024-10
2024-10-23,2024-10-23,2024-10-24,"['INTC', 'KLAC', 'MCHP', 'LRCX', 'AMAT', 'NVDA', 'DLTR', 'SNPS', 'TSLA', 'ADBE']",10,9,9,1.8,0.00216,1.0,1.0,1.0,1.0,,,False,False,ML_Full_CW,"['INTC', 'KLAC', 'MCHP', 'LRCX', 'AMAT', 'NVDA', 'DLTR', 'SNPS', 'TSLA', 'ADBE']",10,2024,2024-10
2024-11-06,2024-11-06,2024-11-07,"['KLAC', 'AMAT', 'LRCX', 'IDXX', 'AMD', 'EBAY', 'NVDA', 'MCHP', 'SNPS', 'DLTR']",10,3,3,0.6,0.0007199999999999,1.0,1.0,1.0,1.0,,,False,False,ML_Full_CW,"['KLAC', 'AMAT', 'LRCX', 'IDXX', 'AMD', 'EBAY', 'NVDA', 'MCHP', 'SNPS', 'DLTR']",10,2024,2024-11
2024-11-20,2024-11-20,2024-11-21,"['AMD', 'KLAC', 'AMAT', 'LRCX', 'QCOM', 'AVGO', 'MCHP', 'IDXX', 'DLTR', 'SNPS']",10,2,2,0.4,0.0004799999999999,1.0,1.0,1.0,1.0,,,False,False,ML_Full_CW,"['AMD', 'KLAC', 'AMAT', 'LRCX', 'QCOM', 'AVGO', 'MCHP', 'IDXX', 'DLTR', 'SNPS']",10,2024,2024-11
2024-12-05,2024-12-05,2024-12-06,"['MELI', 'MCHP', 'BIIB', 'JD', 'AMAT', 'KLAC', 'SNPS', 'AMGN', 'KHC', 'QCOM']",10,5,5,1.0,0.0012,1.0,1.0,1.0,1.0,,,False,False,ML_Full_CW,"['MELI', 'MCHP', 'BIIB', 'JD', 'AMAT', 'KLAC', 'SNPS', 'AMGN', 'KHC', 'QCOM']",10,2024,2024-12
2024-12-19,2024-12-19,2024-12-20,"['AMD', 'BIIB', 'MCHP', 'KLAC', 'INTC', 'AMAT', 'IDXX', 'QCOM', 'SNPS', 'MELI']",10,3,3,0.6,0.0007199999999999,1.0,1.0,1.0,1.0,,,False,False,ML_Full_CW,"['AMD', 'BIIB', 'MCHP', 'KLAC', 'INTC', 'AMAT', 'IDXX', 'QCOM', 'SNPS', 'MELI']",10,2024,2024-12
2025-01-22,2025-01-22,2025-01-23,"['MU', 'CTAS', 'AAPL', 'MSFT', 'VRTX', 'AMD', 'AMAT', 'KLAC', 'INTC', 'BIIB']",10,5,5,1.0,0.0012,1.0,1.0,1.0,1.0,,,False,False,ML_Full_CW,"['MU', 'CTAS', 'AAPL', 'MSFT', 'VRTX', 'AMD', 'AMAT', 'KLAC', 'INTC', 'BIIB']",10,2025,2025-01
2025-02-05,2025-02-05,2025-02-06,"['MSFT', 'ORCL', 'NVDA', 'PYPL', 'TSLA', 'NFLX', 'META', 'AMZN', 'AAPL', 'INTC']",10,7,7,1.4,0.0016799999999999,1.0,1.0,1.0,1.0,,,False,False,ML_Full_CW,"['MSFT', 'ORCL', 'NVDA', 'PYPL', 'TSLA', 'NFLX', 'META', 'AMZN', 'AAPL', 'INTC']",10,2025,2025-02
2025-02-20,2025-02-20,2025-02-21,"['NVDA', 'AVGO', 'EA', 'MSFT', 'ORCL', 'META', 'AMZN', 'TSLA', 'AAPL', 'NFLX']",10,2,2,0.4,0.0004799999999999,1.0,1.0,1.0,1.0,,,False,False,ML_Full_CW,"['NVDA', 'AVGO', 'EA', 'MSFT', 'ORCL', 'META', 'AMZN', 'TSLA', 'AAPL', 'NFLX']",10,2025,2025-02
2025-03-06,2025-03-06,2025-03-07,"['AVGO', 'NVDA', 'TSLA', 'MU', 'ORCL', 'AMZN', 'GOOGL', 'NFLX', 'META', 'MSFT']",10,2,2,0.4,0.0004799999999999,1.0,1.0,1.0,1.0,,,False,False,ML_Full_CW,"['AVGO', 'NVDA', 'TSLA', 'MU', 'ORCL', 'AMZN', 'GOOGL', 'NFLX', 'META', 'MSFT']",10,2025,2025-03
2025-03-20,2025-03-20,2025-03-21,"['NVDA', 'AVGO', 'TSLA', 'MU', 'ORCL', 'LRCX', 'AMD', 'MSFT', 'AMZN', 'META']",10,2,2,0.4,0.0004799999999999,1.0,1.0,1.0,1.0,,,False,False,ML_Full_CW,"['NVDA', 'AVGO', 'TSLA', 'MU', 'ORCL', 'LRCX', 'AMD', 'MSFT', 'AMZN', 'META']",10,2025,2025-03
2025-04-03,2025-04-03,2025-04-04,"['NVDA', 'MU', 'AVGO', 'TSLA', 'MCHP', 'AMD', 'LRCX', 'ORCL', 'DXCM', 'META']",10,2,2,0.4,0.0004799999999999,1.0,1.0,1.0,1.0,,,False,False,ML_Full_CW,"['NVDA', 'MU', 'AVGO', 'TSLA', 'MCHP', 'AMD', 'LRCX', 'ORCL', 'DXCM', 'META']",10,2025,2025-04
2025-04-17,2025-04-17,2025-04-21,"['MCHP', 'NVDA', 'MU', 'AVGO', 'ORCL', 'TSLA', 'META', 'LRCX', 'MSFT', 'AMD']",10,1,1,0.2,0.0002399999999999,1.0,1.0,1.0,1.0,,,False,False,ML_Full_CW,"['MCHP', 'NVDA', 'MU', 'AVGO', 'ORCL', 'TSLA', 'META', 'LRCX', 'MSFT', 'AMD']",10,2025,2025-04
2025-05-02,2025-05-02,2025-05-05,"['MCHP', 'NFLX', 'WBD', 'MU', 'KHC', 'BIIB', 'COST', 'ADBE', 'MSFT', 'AVGO']",10,6,6,1.2,0.0014399999999999,1.0,1.0,1.0,1.0,,,False,False,ML_Full_CW,"['MCHP', 'NFLX', 'WBD', 'MU', 'KHC', 'BIIB', 'COST', 'ADBE', 'MSFT', 'AVGO']",10,2025,2025-05
2025-05-16,2025-05-16,2025-05-19,"['MDLZ', 'EA', 'KDP', 'MNST', 'MSFT', 'VRSK', 'PEP', 'KHC', 'TMUS', 'XEL']",10,8,8,1.6,0.0019199999999999,1.0,1.0,1.0,1.0,,,False,False,ML_Full_CW,"['MDLZ', 'EA', 'KDP', 'MNST', 'MSFT', 'VRSK', 'PEP', 'KHC', 'TMUS', 'XEL']",10,2025,2025-05
2025-06-02,2025-06-02,2025-06-03,"['REGN', 'VRTX', 'MNST', 'NFLX', 'EA', 'MSFT', 'MDLZ', 'XEL', 'KDP', 'VRSK']",10,3,3,0.6,0.0007199999999999,1.0,1.0,1.0,1.0,,,False,False,ML_Full_CW,"['REGN', 'VRTX', 'MNST', 'NFLX', 'EA', 'MSFT', 'MDLZ', 'XEL', 'KDP', 'VRSK']",10,2025,2025-06
2025-06-16,2025-06-16,2025-06-17,"['MSFT', 'AAPL', 'COST', 'CHTR', 'SNPS', 'ORCL', 'HON', 'NFLX', 'XEL', 'KDP']",10,6,6,1.2,0.0014399999999999,1.0,1.0,1.0,1.0,,,False,False,ML_Full_CW,"['MSFT', 'AAPL', 'COST', 'CHTR', 'SNPS', 'ORCL', 'HON', 'NFLX', 'XEL', 'KDP']",10,2025,2025-06
2025-07-01,2025-07-01,2025-07-02,"['MSFT', 'COST', 'NVDA', 'TSLA', 'AAPL', 'LULU', 'NFLX', 'ADP', 'KDP', 'HON']",10,4,4,0.8,0.0009599999999999,1.0,1.0,1.0,1.0,,,False,False,ML_Full_CW,"['MSFT', 'COST', 'NVDA', 'TSLA', 'AAPL', 'LULU', 'NFLX', 'ADP', 'KDP', 'HON']",10,2025,2025-07
2025-07-16,2025-07-16,2025-07-17,"['JD', 'LULU', 'BIIB', 'NVDA', 'FTNT', 'AAPL', 'COST', 'PAYX', 'TMUS', 'MSFT']",10,5,5,1.0,0.0012,1.0,1.0,1.0,1.0,,,False,False,ML_Full_CW,"['JD', 'LULU', 'BIIB', 'NVDA', 'FTNT', 'AAPL', 'COST', 'PAYX', 'TMUS', 'MSFT']",10,2025,2025-07
2025-07-30,2025-07-30,2025-07-31,"['TSLA', 'LULU', 'AAPL', 'ODFL', 'INTC', 'NVDA', 'MSFT', 'FTNT', 'BIIB', 'JD']",10,3,3,0.6,0.0007199999999999,1.0,1.0,1.0,1.0,,,False,False,ML_Full_CW,"['TSLA', 'LULU', 'AAPL', 'ODFL', 'INTC', 'NVDA', 'MSFT', 'FTNT', 'BIIB', 'JD']",10,2025,2025-07
2025-08-13,2025-08-13,2025-08-14,"['TXN', 'TSLA', 'AAPL', 'MSFT', 'NFLX', 'AMZN', 'NVDA', 'FTNT', 'COST', 'CRM']",10,5,5,1.0,0.0012,1.0,1.0,1.0,1.0,,,False,False,ML_Full_CW,"['TXN', 'TSLA', 'AAPL', 'MSFT', 'NFLX', 'AMZN', 'NVDA', 'FTNT', 'COST', 'CRM']",10,2025,2025-08
2025-08-27,2025-08-27,2025-08-28,"['DXCM', 'AMZN', 'TSLA', 'AAPL', 'MSFT', 'CRM', 'NFLX', 'NVDA', 'FTNT', 'COST']",10,1,1,0.2,0.0002399999999999,1.0,1.0,1.0,1.0,,,False,False,ML_Full_CW,"['DXCM', 'AMZN', 'TSLA', 'AAPL', 'MSFT', 'CRM', 'NFLX', 'NVDA', 'FTNT', 'COST']",10,2025,2025-08
2025-09-11,2025-09-11,2025-09-12,"['LULU', 'META', 'MSFT', 'NVDA', 'AMZN', 'AMAT', 'NFLX', 'AAPL', 'PYPL', 'DXCM']",10,4,4,0.8,0.0009599999999999,1.0,1.0,1.0,1.0,,,False,False,ML_Full_CW,"['LULU', 'META', 'MSFT', 'NVDA', 'AMZN', 'AMAT', 'NFLX', 'AAPL', 'PYPL', 'DXCM']",10,2025,2025-09
2025-09-25,2025-09-25,2025-09-26,"['MSFT', 'AMZN', 'AMGN', 'HON', 'COST', 'NFLX', 'META', 'DXCM', 'PYPL', 'LULU']",10,3,3,0.6,0.0007199999999999,1.0,1.0,1.0,1.0,,,False,False,ML_Full_CW,"['MSFT', 'AMZN', 'AMGN', 'HON', 'COST', 'NFLX', 'META', 'DXCM', 'PYPL', 'LULU']",10,2025,2025-09
2025-10-09,2025-10-09,2025-10-10,"['CHTR', 'SBUX', 'VRSK', 'CMCSA', 'TXN', 'INTU', 'MSFT', 'HON', 'COST', 'LULU']",10,6,6,1.2,0.0014399999999999,1.0,1.0,1.0,1.0,,,False,False,ML_Full_CW,"['CHTR', 'SBUX', 'VRSK', 'CMCSA', 'TXN', 'INTU', 'MSFT', 'HON', 'COST', 'LULU']",10,2025,2025-10
2025-10-23,2025-10-23,2025-10-24,"['NFLX', 'ODFL', 'MSFT', 'AMZN', 'NVDA', 'PYPL', 'ILMN', 'CHTR', 'COST', 'INTU']",10,6,6,1.2,0.0014399999999999,1.0,1.0,1.0,1.0,,,False,False,ML_Full_CW,"['NFLX', 'ODFL', 'MSFT', 'AMZN', 'NVDA', 'PYPL', 'ILMN', 'CHTR', 'COST', 'INTU']",10,2025,2025-10
2025-11-06,2025-11-06,2025-11-07,"['SNPS', 'DXCM', 'META', 'LULU', 'KDP', 'NVDA', 'MSFT', 'NFLX', 'AMZN', 'CHTR']",10,5,5,1.0,0.0012,1.0,1.0,1.0,1.0,,,False,False,ML_Full_CW,"['SNPS', 'DXCM', 'META', 'LULU', 'KDP', 'NVDA', 'MSFT', 'NFLX', 'AMZN', 'CHTR']",10,2025,2025-11
2025-11-20,2025-11-20,2025-11-21,"['MELI', 'SNPS', 'PYPL', 'AMZN', 'LULU', 'META', 'NFLX', 'DXCM', 'MSFT', 'NVDA']",10,2,2,0.4,0.0004799999999999,1.0,1.0,1.0,1.0,,,False,False,ML_Full_CW,"['MELI', 'SNPS', 'PYPL', 'AMZN', 'LULU', 'META', 'NFLX', 'DXCM', 'MSFT', 'NVDA']",10,2025,2025-11
2025-12-05,2025-12-05,2025-12-08,"['SNPS', 'MCHP', 'NVDA', 'AMZN', 'TSLA', 'MELI', 'META', 'MSFT', 'PYPL', 'NFLX']",10,2,2,0.4,0.0004799999999999,1.0,1.0,1.0,1.0,,,False,False,ML_Full_CW,"['SNPS', 'MCHP', 'NVDA', 'AMZN', 'TSLA', 'MELI', 'META', 'MSFT', 'PYPL', 'NFLX']",10,2025,2025-12
2025-12-19,2025-12-19,2025-12-22,"['TSLA', 'NVDA', 'AMZN', 'META', 'PYPL', 'NFLX', 'MSFT', 'MCHP', 'MELI', 'SNPS']",10,0,0,0.0,0.0,1.0,1.0,1.0,1.0,,,False,False,ML_Full_CW,"['TSLA', 'NVDA', 'AMZN', 'META', 'PYPL', 'NFLX', 'MSFT', 'MCHP', 'MELI', 'SNPS']",10,2025,2025-12
2026-01-21,2026-01-21,2026-01-22,"['ORCL', 'INTC', 'TSLA', 'LRCX', 'DXCM', 'AVGO', 'AMD', 'DLTR', 'MU', 'NVDA']",10,8,8,1.6,0.0019199999999999,1.0,1.0,1.0,1.0,,,False,False,ML_Full_CW,"['ORCL', 'INTC', 'TSLA', 'LRCX', 'DXCM', 'AVGO', 'AMD', 'DLTR', 'MU', 'NVDA']",10,2026,2026-01
2026-02-04,2026-02-04,2026-02-05,"['AMD', 'PYPL', 'MU', 'AVGO', 'ORCL', 'KLAC', 'LRCX', 'TSLA', 'INTC', 'NVDA']",10,2,2,0.4,0.0004799999999999,1.0,1.0,1.0,1.0,,,False,False,ML_Full_CW,"['AMD', 'PYPL', 'MU', 'AVGO', 'ORCL', 'KLAC', 'LRCX', 'TSLA', 'INTC', 'NVDA']",10,2026,2026-02
2026-02-19,2026-02-19,2026-02-20,"['AMD', 'ORCL', 'AVGO', 'INTU', 'PANW', 'PYPL', 'LRCX', 'KLAC', 'INTC', 'MU']",10,2,2,0.4,0.0004799999999999,1.0,1.0,1.0,1.0,,,False,False,ML_Full_CW,"['AMD', 'ORCL', 'AVGO', 'INTU', 'PANW', 'PYPL', 'LRCX', 'KLAC', 'INTC', 'MU']",10,2026,2026-02
