rebalance_date,signal_date,entry_date,holdings,n_holdings,n_sold,n_bought,turnover_est,cost,exposure,regime_scale,defense_scale,vol_scale,dd_scale,estimated_vol,regime_score,breadth_gate,benchmark_trend_gate,anchor_used,skipped_no_hold_dates
2020-01-16,2020-01-16,2020-01-17,"['LRCX', 'MELI', 'NVDA', 'FTNT', 'KLAC', 'AMAT', 'JD', 'NFLX', 'AMD', 'MU']",10,0,10,1.0,0.0012,1.0,1.0,1.0,1.0,1.0,,,False,False,False,False
2020-01-31,2020-01-31,2020-02-03,"['KLAC', 'AMD', 'FTNT', 'AMAT', 'NVDA', 'AAPL', 'QCOM', 'JD', 'MU', 'MELI']",10,2,2,0.2571308746735958,0.00030855704960831495,1.0,1.0,1.0,1.0,1.0,,,False,False,False,False
2020-02-14,2020-02-14,2020-02-18,"['MU', 'KLAC', 'AVGO', 'MCHP', 'AMAT', 'NVDA', 'JD', 'AMD', 'QCOM', 'FTNT']",10,2,2,0.3611111111111111,0.0004333333333333333,1.0,1.0,1.0,1.0,1.0,,,False,False,False,False
2020-03-02,2020-03-02,2020-03-03,"['AMD', 'AAPL', 'TSLA', 'MCHP', 'MU', 'JD', 'MELI', 'PANW', 'AMAT', 'NVDA']",10,4,4,0.5555555555555555,0.0006666666666666665,1.0,1.0,1.0,1.0,1.0,,,False,False,False,False
2020-03-16,2020-03-16,2020-03-17,"['MCHP', 'AMAT', 'MU', 'LULU', 'TSLA', 'INTC', 'MELI', 'NVDA', 'AMD', 'AAPL']",10,2,2,0.2380952380952381,0.0002857142857142857,1.0,1.0,1.0,1.0,1.0,,,False,False,False,False
2020-03-30,2020-03-30,2020-03-31,"['AMAT', 'KLAC', 'LRCX', 'INTC', 'MCHP', 'TSLA', 'NVDA', 'MU', 'AMD', 'MELI']",10,2,2,0.29166666666666663,0.00034999999999999994,1.0,1.0,1.0,1.0,1.0,,,False,False,False,False
2020-04-14,2020-04-14,2020-04-15,"['AMAT', 'NVDA', 'LRCX', 'WBD', 'MU', 'MELI', 'CSX', 'INTC', 'KLAC', 'MCHP']",10,2,2,0.3999580613575854,0.0004799496736291024,1.0,1.0,1.0,1.0,1.0,,,False,False,False,False
2020-04-28,2020-04-28,2020-04-29,"['ADI', 'AVGO', 'LRCX', 'AMAT', 'NVDA', 'MCHP', 'MELI', 'CTAS', 'MU', 'KLAC']",10,3,3,0.4999266172682669,0.0005999119407219202,1.0,1.0,1.0,1.0,1.0,,,False,False,False,False
2020-05-12,2020-05-12,2020-05-13,"['CTAS', 'MU', 'AVGO', 'PAYX', 'NVDA', 'LRCX', 'KLAC', 'MCHP', 'ADI', 'AMAT']",10,1,1,0.34987419726274616,0.0004198490367152953,1.0,1.0,1.0,1.0,1.0,,,False,False,False,False
2020-05-27,2020-05-27,2020-05-28,"['CDNS', 'INTC', 'MU', 'KLAC', 'PAYX', 'AMD', 'ADI', 'AVGO', 'MCHP', 'AMAT']",10,3,3,0.41666666666666663,0.0004999999999999999,1.0,1.0,1.0,1.0,1.0,,,False,False,False,False
2020-06-10,2020-06-10,2020-06-11,"['PAYX', 'WBD', 'CDNS', 'INTC', 'ADI', 'AVGO', 'FTNT', 'AMD', 'MU', 'AMAT']",10,2,2,0.3499528239735297,0.00041994338876823564,1.0,1.0,1.0,1.0,1.0,,,False,False,False,False
2020-06-24,2020-06-24,2020-06-25,"['AMD', 'DXCM', 'CDNS', 'ISRG', 'TSLA', 'MU', 'LRCX', 'WBD', 'PAYX', 'AMAT']",10,4,4,0.5599421316906221,0.0006719305580287465,1.0,1.0,1.0,1.0,1.0,,,False,False,False,False
2020-07-09,2020-07-09,2020-07-10,"['WBD', 'MU', 'AMAT', 'DXCM', 'AMD', 'LRCX', 'BKNG', 'ROST', 'ADI', 'TSLA']",10,3,3,0.31999748347037543,0.00038399698016445047,1.0,1.0,1.0,1.0,1.0,,,False,False,False,False
2020-07-23,2020-07-23,2020-07-24,"['NVDA', 'WBD', 'JD', 'DXCM', 'PYPL', 'BKNG', 'ADI', 'AMAT', 'LRCX', 'MU']",10,3,3,0.31999748347037543,0.00038399698016445047,1.0,1.0,1.0,1.0,1.0,,,False,False,False,False
2020-08-06,2020-08-06,2020-08-07,"['JD', 'WBD', 'AMAT', 'FTNT', 'MU', 'LRCX', 'DXCM', 'MCHP', 'NVDA', 'ADI']",10,2,2,0.35424832961485797,0.0004250979955378295,1.0,1.0,1.0,1.0,1.0,,,False,False,False,False
2020-08-20,2020-08-20,2020-08-21,"['WBD', 'DXCM', 'FTNT', 'NFLX', 'ROST', 'LRCX', 'MCHP', 'META', 'MU', 'NVDA']",10,3,3,0.47424581308523345,0.0005690949757022801,1.0,1.0,1.0,1.0,1.0,,,False,False,False,False
2020-09-03,2020-09-03,2020-09-04,"['FTNT', 'AMZN', 'WBD', 'DXCM', 'AMD', 'ILMN', 'MELI', 'NFLX', 'NVDA', 'ROST']",10,4,4,0.4399949669407509,0.0005279939603289011,1.0,1.0,1.0,1.0,1.0,,,False,False,False,False
2020-09-18,2020-09-18,2020-09-21,"['AMD', 'AMZN', 'AAPL', 'FTNT', 'TSLA', 'NVDA', 'DXCM', 'MELI', 'NFLX', 'ILMN']",10,2,2,0.2,0.00023999999999999998,1.0,1.0,1.0,1.0,1.0,,,False,False,False,False
2020-10-02,2020-10-02,2020-10-05,"['AAPL', 'CRM', 'TSLA', 'AMD', 'MELI', 'DXCM', 'FTNT', 'NVDA', 'QCOM', 'NFLX']",10,2,2,0.3333123629127873,0.0003999748354953448,1.0,1.0,1.0,1.0,1.0,,,False,False,False,False
2020-10-16,2020-10-16,2020-10-19,"['AAPL', 'CRM', 'AMD', 'NVDA', 'WBD', 'TSLA', 'MELI', 'NFLX', 'DXCM', 'QCOM']",10,1,1,0.18665051975948235,0.0002239806237113788,1.0,1.0,1.0,1.0,1.0,,,False,False,False,False
2020-10-30,2020-10-30,2020-11-02,"['NVDA', 'CRM', 'TSLA', 'AAPL', 'DXCM', 'ADBE', 'AMD', 'WBD', 'NFLX', 'MELI']",10,1,1,0.08000251652962459,9.60030198355495e-05,1.0,1.0,1.0,1.0,1.0,,,False,False,False,False
2020-11-13,2020-11-13,2020-11-16,"['CRM', 'TSLA', 'NVDA', 'META', 'AAPL', 'ADBE', 'AMD', 'WDAY', 'MELI', 'DXCM']",10,2,2,0.30664800322985775,0.00036797760387582924,1.0,1.0,1.0,1.0,1.0,,,False,False,False,False
2020-11-30,2020-11-30,2020-12-01,"['AAPL', 'NVDA', 'AMZN', 'KLAC', 'DXCM', 'MELI', 'ADBE', 'META', 'AMD', 'TSLA']",10,2,2,0.2533224290312855,0.00030398691483754254,1.0,1.0,1.0,1.0,1.0,,,False,False,False,False
2020-12-14,2020-12-14,2020-12-15,"['BIIB', 'QCOM', 'META', 'DXCM', 'NVDA', 'WDAY', 'AAPL', 'AMZN', 'TSLA', 'AMD']",10,3,3,0.28000251652962455,0.0003360030198355494,1.0,1.0,1.0,1.0,1.0,,,False,False,False,False
2020-12-29,2020-12-29,2020-12-30,"['MELI', 'DXCM', 'QCOM', 'PYPL', 'BIIB', 'AMD', 'TSLA', 'NVDA', 'META', 'WDAY']",10,2,2,0.2799899338815018,0.0003359879206578021,1.0,1.0,1.0,1.0,1.0,,,False,False,False,False
2021-01-28,2021-01-28,2021-01-29,"['AMZN', 'JD', 'AMAT', 'TSLA', 'NVDA', 'DXCM', 'MELI', 'QCOM', 'AMD', 'WDAY']",10,3,3,0.37224297014638436,0.0004466915641756612,1.0,1.0,1.0,1.0,1.0,,,False,False,False,False
2021-02-11,2021-02-11,2021-02-12,"['TSLA', 'MELI', 'LRCX', 'WBD', 'AMZN', 'MU', 'AMAT', 'QCOM', 'JD', 'DXCM']",10,3,3,0.33612148507319217,0.0004033457820878306,1.0,1.0,1.0,1.0,1.0,,,False,False,False,False
2021-02-26,2021-02-26,2021-03-01,"['TSLA', 'MELI', 'AMZN', 'WBD', 'PYPL', 'KLAC', 'QCOM', 'JD', 'MU', 'LRCX']",10,2,2,0.2,0.00023999999999999998,1.0,1.0,1.0,1.0,1.0,,,False,False,False,False
2021-03-12,2021-03-12,2021-03-15,"['AMD', 'AMZN', 'JD', 'TSLA', 'MU', 'LRCX', 'QCOM', 'MELI', 'KLAC', 'PYPL']",10,1,1,0.17224297014638443,0.0002066915641756613,1.0,1.0,1.0,1.0,1.0,,,False,False,False,False
2021-03-26,2021-03-26,2021-03-29,"['MU', 'AMD', 'LRCX', 'AMAT', 'KLAC', 'MELI', 'TSLA', 'JD', 'QCOM', 'PYPL']",10,1,1,0.17305827490816847,0.00020766992988980216,1.0,1.0,1.0,1.0,1.0,,,False,False,False,False
2021-04-12,2021-04-12,2021-04-13,"['TSLA', 'AMD', 'AMAT', 'MELI', 'QCOM', 'KLAC', 'INTC', 'MCHP', 'MU', 'WBD']",10,3,3,0.44299111263549956,0.0005315893351625995,1.0,1.0,1.0,1.0,1.0,,,False,False,False,False
2021-04-26,2021-04-26,2021-04-27,"['TSLA', 'MELI', 'MCHP', 'QCOM', 'VRSK', 'LRCX', 'SNPS', 'KLAC', 'AMAT', 'AMD']",10,3,3,0.31428271866839896,0.0003771392624020787,1.0,1.0,1.0,1.0,1.0,,,False,False,False,False
2021-05-10,2021-05-10,2021-05-11,"['AMAT', 'MELI', 'TSLA', 'LRCX', 'AAPL', 'SNPS', 'PYPL', 'JD', 'AMD', 'KLAC']",10,3,3,0.4429911126354996,0.0005315893351625995,1.0,1.0,1.0,1.0,1.0,,,False,False,False,False
2021-05-24,2021-05-24,2021-05-25,"['WBD', 'MELI', 'AMAT', 'LRCX', 'AMZN', 'TSLA', 'KLAC', 'AAPL', 'JD', 'AMD']",10,2,2,0.35366570027412947,0.00042439884032895533,1.0,1.0,1.0,1.0,1.0,,,False,False,False,False
2021-06-08,2021-06-08,2021-06-09,"['WBD', 'AMAT', 'LRCX', 'AMZN', 'KLAC', 'NVDA', 'MELI', 'FTNT', 'TSLA', 'AAPL']",10,2,2,0.24087069175578968,0.0002890448301069476,1.0,1.0,1.0,1.0,1.0,,,False,False,False,False
2021-06-22,2021-06-22,2021-06-23,"['WBD', 'AMAT', 'LRCX', 'TSLA', 'AAPL', 'BIIB', 'MCHP', 'NVDA', 'KLAC', 'MELI']",10,2,2,0.24539865015820417,0.000294478380189845,1.0,1.0,1.0,1.0,1.0,,,False,False,False,False
2021-07-07,2021-07-07,2021-07-08,"['AMAT', 'WBD', 'KLAC', 'NVDA', 'BIIB', 'AMD', 'LRCX', 'TSLA', 'MELI', 'MCHP']",10,1,1,0.06667190927180318,8.00062911261638e-05,1.0,1.0,1.0,1.0,1.0,,,False,False,False,False
2021-07-21,2021-07-21,2021-07-22,"['BIIB', 'AMAT', 'NVDA', 'TSLA', 'WBD', 'LRCX', 'KLAC', 'MELI', 'AMD', 'MCHP']",10,0,0,0.0,0.0,1.0,1.0,1.0,1.0,1.0,,,False,False,False,False
2021-08-04,2021-08-04,2021-08-05,"['NVDA', 'AMD', 'WBD', 'BIIB', 'TSLA', 'MELI', 'MCHP', 'LRCX', 'KLAC', 'AMAT']",10,0,0,0.0,0.0,1.0,1.0,1.0,1.0,1.0,,,False,False,False,False
2021-08-18,2021-08-18,2021-08-19,"['NVDA', 'AAPL', 'TSLA', 'AMD', 'MELI', 'WBD', 'AMAT', 'MCHP', 'LRCX', 'KLAC']",10,1,1,0.20711252775429548,0.00024853503330515456,1.0,1.0,1.0,1.0,1.0,,,False,False,False,False
2021-09-01,2021-09-01,2021-09-02,"['NVDA', 'AAPL', 'AMD', 'FTNT', 'JD', 'WBD', 'TSLA', 'MELI', 'LRCX', 'AMAT']",10,2,2,0.25674011480695375,0.00030808813776834446,1.0,1.0,1.0,1.0,1.0,,,False,False,False,False
2021-09-16,2021-09-16,2021-09-17,"['NVDA', 'AMD', 'MELI', 'BIIB', 'FTNT', 'MU', 'WBD', 'JD', 'MNST', 'LRCX']",10,3,3,0.36875788219838895,0.0004425094586380667,1.0,1.0,1.0,1.0,1.0,,,False,False,False,False
2021-09-30,2021-09-30,2021-10-01,"['MELI', 'AMD', 'AMZN', 'NVDA', 'JD', 'MNST', 'FTNT', 'LRCX', 'WBD', 'MU']",10,1,1,0.11999748347037545,0.00014399698016445052,1.0,1.0,1.0,1.0,1.0,,,False,False,False,False
2021-10-14,2021-10-14,2021-10-15,"['NVDA', 'MELI', 'AAPL', 'FTNT', 'JD', 'WBD', 'AMD', 'DXCM', 'LRCX', 'MU']",10,2,2,0.3066480032298578,0.00036797760387582935,1.0,1.0,1.0,1.0,1.0,,,False,False,False,False
2021-10-28,2021-10-28,2021-10-29,"['FTNT', 'AAPL', 'NVDA', 'WBD', 'MELI', 'JD', 'SNPS', 'ILMN', 'LRCX', 'AMD']",10,2,2,0.21666404536409845,0.0002599968544369181,1.0,1.0,1.0,1.0,1.0,,,False,False,False,False
2021-11-11,2021-11-11,2021-11-12,"['AAPL', 'PYPL', 'TSLA', 'NVDA', 'WBD', 'MELI', 'JD', 'SNPS', 'AMD', 'FTNT']",10,2,2,0.3066480032298578,0.00036797760387582935,1.0,1.0,1.0,1.0,1.0,,,False,False,False,False
2021-11-26,2021-11-26,2021-11-29,"['MSFT', 'MELI', 'PYPL', 'WBD', 'TSLA', 'AAPL', 'DLTR', 'JD', 'NVDA', 'AMD']",10,2,2,0.25999245041112634,0.0003119909404933516,1.0,1.0,1.0,1.0,1.0,,,False,False,False,False
2021-12-10,2021-12-10,2021-12-13,"['AMD', 'TSLA', 'MELI', 'INTU', 'NVDA', 'AMZN', 'FTNT', 'PYPL', 'WBD', 'QCOM']",10,4,4,0.4399949669407509,0.0005279939603289011,1.0,1.0,1.0,1.0,1.0,,,False,False,False,False
2021-12-27,2021-12-27,2021-12-28,"['AMD', 'QCOM', 'TSLA', 'NVDA', 'MELI', 'JD', 'FTNT', 'WBD', 'AAPL', 'ORCL']",10,3,3,0.3687578821983889,0.00044250945863806665,1.0,1.0,1.0,1.0,1.0,,,False,False,False,False
2022-01-25,2022-01-25,2022-01-26,"['NVDA', 'NFLX', 'TSLA', 'AMD', 'FTNT', 'MELI', 'CDNS', 'DXCM', 'ADBE', 'SNPS']",10,5,5,0.5287346047941057,0.0006344815257529268,1.0,1.0,1.0,1.0,1.0,,,False,False,False,False
2022-02-08,2022-02-08,2022-02-09,"['CDNS', 'META', 'PYPL', 'NVDA', 'MELI', 'SNPS', 'DXCM', 'TSLA', 'FTNT', 'ADBE']",10,2,2,0.3066480032298578,0.00036797760387582935,1.0,1.0,1.0,1.0,1.0,,,False,False,False,False
2022-02-23,2022-02-23,2022-02-24,"['TSLA', 'NVDA', 'MELI', 'AMD', 'DXCM', 'ADBE', 'KLAC', 'FTNT', 'SNPS', 'CDNS']",10,2,2,0.35424832961485797,0.0004250979955378295,1.0,1.0,1.0,1.0,1.0,,,False,False,False,False
2022-03-09,2022-03-09,2022-03-10,"['NVDA', 'LRCX', 'FTNT', 'MELI', 'AMD', 'KLAC', 'TSLA', 'DXCM', 'SNPS', 'ADBE']",10,1,1,0.057151843994803136,6.858221279376376e-05,1.0,1.0,1.0,1.0,1.0,,,False,False,False,False
2022-03-23,2022-03-23,2022-03-24,"['IDXX', 'PCAR', 'LRCX', 'KLAC', 'ADI', 'NVDA', 'AMD', 'ADBE', 'FTNT', 'SNPS']",10,3,3,0.649889922604903,0.0007798679071258835,1.0,1.0,1.0,1.0,1.0,,,False,False,False,False
2022-04-06,2022-04-06,2022-04-07,"['ODFL', 'AMD', 'AMAT', 'GOOGL', 'MCHP', 'MSFT', 'LRCX', 'IDXX', 'PCAR', 'KLAC']",10,5,5,0.5499685517889393,0.0006599622621467271,1.0,1.0,1.0,1.0,1.0,,,False,False,False,False
2022-04-21,2022-04-21,2022-04-22,"['PYPL', 'META', 'JD', 'AMD', 'MELI', 'NVDA', 'CRM', 'LRCX', 'NFLX', 'KLAC']",10,7,7,0.7999842721845905,0.0009599811266215085,1.0,1.0,1.0,1.0,1.0,,,False,False,False,False
2022-05-05,2022-05-05,2022-05-06,"['MELI', 'NVDA', 'AMZN', 'INTU', 'AMD', 'PYPL', 'CRM', 'CDNS', 'SNPS', 'LRCX']",10,4,4,0.5313976570800366,0.0006376771884960439,1.0,1.0,1.0,1.0,1.0,,,False,False,False,False
2022-05-19,2022-05-19,2022-05-20,"['NVDA', 'MELI', 'TSLA', 'INTU', 'AMD', 'LULU', 'AMZN', 'LRCX', 'CRM', 'CDNS']",10,2,2,0.4070889360311812,0.0004885067232374174,1.0,1.0,1.0,1.0,1.0,,,False,False,False,False
2022-06-03,2022-06-03,2022-06-06,"['NVDA', 'MELI', 'TSLA', 'JD', 'INTU', 'CDNS', 'AMZN', 'LULU', 'LRCX', 'AMD']",10,1,1,0.18333333333333335,0.00022,1.0,1.0,1.0,1.0,1.0,,,False,False,False,False
2022-06-17,2022-06-17,2022-06-21,"['MELI', 'NVDA', 'AMD', 'TSLA', 'WBD', 'MU', 'AMAT', 'META', 'ILMN', 'LRCX']",10,5,5,0.5599924504111263,0.0006719909404933515,1.0,1.0,1.0,1.0,1.0,,,False,False,False,False
2022-07-05,2022-07-05,2022-07-06,"['NVDA', 'AMD', 'MELI', 'NFLX', 'TSLA', 'WBD', 'AMAT', 'LRCX', 'META', 'ILMN']",10,1,1,0.1799899338815018,0.00021598792065780214,1.0,1.0,1.0,1.0,1.0,,,False,False,False,False
2022-07-19,2022-07-19,2022-07-20,"['ODFL', 'CDNS', 'DXCM', 'FAST', 'EA', 'PCAR', 'GOOGL', 'TSLA', 'CRM', 'META']",10,8,8,0.8,0.0009599999999999999,1.0,1.0,1.0,1.0,1.0,,,False,False,False,False
2022-08-02,2022-08-02,2022-08-03,"['CHTR', 'CMCSA', 'SNPS', 'SBUX', 'PCAR', 'TMUS', 'EA', 'AMGN', 'CDNS', 'GOOGL']",10,6,6,0.6399949669407509,0.0007679939603289009,1.0,1.0,1.0,1.0,1.0,,,False,False,False,False
2022-08-16,2022-08-16,2022-08-17,"['BIIB', 'TMUS', 'GOOGL', 'VRTX', 'INTU', 'SNPS', 'CHTR', 'AMGN', 'SBUX', 'CDNS']",10,3,3,0.3599924504111264,0.0004319909404933516,1.0,1.0,1.0,1.0,1.0,,,False,False,False,False
2022-08-30,2022-08-30,2022-08-31,"['NVDA', 'NFLX', 'TSLA', 'GOOGL', 'AMZN', 'CRM', 'CDNS', 'DXCM', 'AMAT', 'INTU']",10,7,7,0.739994966940751,0.000887993960328901,1.0,1.0,1.0,1.0,1.0,,,False,False,False,False
2022-09-14,2022-09-14,2022-09-15,"['NVDA', 'AMD', 'AMZN', 'MELI', 'NFLX', 'META', 'AMAT', 'MU', 'GOOGL', 'INTU']",10,4,4,0.4,0.00047999999999999996,1.0,1.0,1.0,1.0,1.0,,,False,False,False,False
2022-09-28,2022-09-28,2022-09-29,"['AMD', 'NVDA', 'AMZN', 'MELI', 'LRCX', 'META', 'AMAT', 'GOOGL', 'INTU', 'NFLX']",10,1,1,0.08000251652962455,9.600301983554944e-05,1.0,1.0,1.0,1.0,1.0,,,False,False,False,False
2022-10-12,2022-10-12,2022-10-13,"['AMD', 'NVDA', 'LRCX', 'AMAT', 'MELI', 'PYPL', 'META', 'AMZN', 'INTU', 'NFLX']",10,1,1,0.11999748347037545,0.00014399698016445052,1.0,1.0,1.0,1.0,1.0,,,False,False,False,False
2022-10-26,2022-10-26,2022-10-27,"['AMD', 'NVDA', 'AMZN', 'TSLA', 'AAPL', 'MCHP', 'MSFT', 'IDXX', 'MELI', 'INTU']",10,5,5,0.5565677825163856,0.0006678813390196627,1.0,1.0,1.0,1.0,1.0,,,False,False,False,False
2022-11-09,2022-11-09,2022-11-10,"['TSLA', 'WBD', 'AMD', 'AMZN', 'QCOM', 'NVDA', 'AAPL', 'INTU', 'MSFT', 'MELI']",10,2,2,0.25406341467616705,0.00030487609761140045,1.0,1.0,1.0,1.0,1.0,,,False,False,False,False
2022-11-23,2022-11-23,2022-11-25,"['MSFT', 'IDXX', 'AAPL', 'FTNT', 'QCOM', 'AMZN', 'TSLA', 'INTU', 'AMD', 'NVDA']",10,2,2,0.3858392686406965,0.00046300712236883575,1.0,1.0,1.0,1.0,1.0,,,False,False,False,False
2022-12-08,2022-12-08,2022-12-09,"['AAPL', 'AMZN', 'TSLA', 'IDXX', 'ODFL', 'AMD', 'META', 'INTC', 'EBAY', 'MSFT']",10,4,4,0.5285444680155906,0.0006342533616187087,1.0,1.0,1.0,1.0,1.0,,,False,False,False,False
2022-12-22,2022-12-22,2022-12-23,"['AMD', 'NVDA', 'AMZN', 'TSLA', 'AAPL', 'META', 'EBAY', 'INTC', 'MSFT', 'IDXX']",10,1,1,0.1799899338815018,0.00021598792065780214,1.0,1.0,1.0,1.0,1.0,,,False,False,False,False
2023-01-24,2023-01-24,2023-01-25,"['AMAT', 'KLAC', 'EBAY', 'LRCX', 'CTAS', 'ROST', 'KHC', 'ODFL', 'XEL', 'NVDA']",10,8,8,0.8199974834703755,0.0009839969801644505,1.0,1.0,1.0,1.0,1.0,,,False,False,False,False
2023-02-07,2023-02-07,2023-02-08,"['KHC', 'EA', 'AMGN', 'KDP', 'AZN', 'GILD', 'XEL', 'MNST', 'CTAS', 'ROST']",10,6,6,0.6000000000000001,0.00072,1.0,1.0,1.0,1.0,1.0,,,False,False,False,False
2023-02-22,2023-02-22,2023-02-23,"['JD', 'PAYX', 'IDXX', 'NFLX', 'KLAC', 'CTAS', 'MNST', 'ROST', 'XEL', 'KHC']",10,5,5,0.5,0.0006,1.0,1.0,1.0,1.0,1.0,,,False,False,False,False
2023-03-08,2023-03-08,2023-03-09,"['IDXX', 'WBD', 'ILMN', 'GOOGL', 'MELI', 'META', 'PAYX', 'NFLX', 'KLAC', 'JD']",10,5,5,0.5,0.0006,1.0,1.0,1.0,1.0,1.0,,,False,False,False,False
2023-03-22,2023-03-22,2023-03-23,"['IDXX', 'JD', 'PAYX', 'NFLX', 'FAST', 'CTAS', 'XEL', 'BIIB', 'WBD', 'MELI']",10,4,4,0.4,0.00047999999999999996,1.0,1.0,1.0,1.0,1.0,,,False,False,False,False
2023-04-05,2023-04-05,2023-04-06,"['JD', 'PCAR', 'IDXX', 'FAST', 'WBD', 'KHC', 'MELI', 'EBAY', 'PAYX', 'CTAS']",10,3,3,0.30000000000000004,0.00036,1.0,1.0,1.0,1.0,1.0,,,False,False,False,False
2023-04-20,2023-04-20,2023-04-21,"['TSLA', 'IDXX', 'WBD', 'FAST', 'EBAY', 'PAYX', 'JD', 'MELI', 'CTAS', 'PCAR']",10,1,1,0.1,0.00011999999999999999,1.0,1.0,1.0,1.0,1.0,,,False,False,False,False
2023-05-04,2023-05-04,2023-05-05,"['IDXX', 'NVDA', 'ILMN', 'ADBE', 'WBD', 'META', 'MELI', 'JD', 'TSLA', 'PAYX']",10,4,4,0.4,0.00047999999999999996,1.0,1.0,1.0,1.0,1.0,,,False,False,False,False
2023-05-18,2023-05-18,2023-05-19,"['IDXX', 'AMD', 'PAYX', 'META', 'JD', 'WBD', 'MELI', 'ILMN', 'TSLA', 'ADBE']",10,1,1,0.1,0.00011999999999999999,1.0,1.0,1.0,1.0,1.0,,,False,False,False,False
2023-06-02,2023-06-02,2023-06-05,"['KDP', 'PCAR', 'IDXX', 'XEL', 'AZN', 'DLTR', 'KHC', 'CTAS', 'GILD', 'PAYX']",10,8,8,0.8,0.0009599999999999999,1.0,1.0,1.0,1.0,1.0,,,False,False,False,False
2023-06-16,2023-06-16,2023-06-20,"['DLTR', 'XEL', 'KDP', 'IDXX', 'AZN', 'CTAS', 'PCAR', 'GILD', 'KHC', 'PAYX']",10,0,0,0.0,0.0,1.0,1.0,1.0,1.0,1.0,,,False,False,False,False
2023-07-03,2023-07-03,2023-07-05,"['META', 'AMZN', 'AZN', 'IDXX', 'PAYX', 'CTAS', 'MELI', 'XEL', 'KHC', 'KDP']",10,3,3,0.30000000000000004,0.00036,1.0,1.0,1.0,1.0,1.0,,,False,False,False,False
2023-07-18,2023-07-18,2023-07-19,"['META', 'AMD', 'ILMN', 'AVGO', 'AZN', 'MELI', 'CTAS', 'XEL', 'KHC', 'KDP']",10,3,3,0.30000000000000004,0.00036,1.0,1.0,1.0,1.0,1.0,,,False,False,False,False
2023-08-01,2023-08-01,2023-08-02,"['TSLA', 'NFLX', 'MELI', 'AZN', 'EBAY', 'XEL', 'AVGO', 'KHC', 'AMD', 'CTAS']",10,3,3,0.30000000000000004,0.00036,1.0,1.0,1.0,1.0,1.0,,,False,False,False,False
2023-08-15,2023-08-15,2023-08-16,"['TSLA', 'NVDA', 'AVGO', 'NFLX', 'ADBE', 'CDNS', 'META', 'SNPS', 'AMD', 'MSFT']",10,6,6,0.6856963120103937,0.0008228355744124724,1.0,1.0,1.0,1.0,1.0,,,False,False,False,False
2023-08-29,2023-08-29,2023-08-30,"['ADBE', 'TSLA', 'MCHP', 'JD', 'META', 'NVDA', 'NFLX', 'PYPL', 'IDXX', 'MSFT']",10,4,4,0.5285444680155906,0.0006342533616187087,1.0,1.0,1.0,1.0,1.0,,,False,False,False,False
2023-09-13,2023-09-13,2023-09-14,"['ADBE', 'META', 'MELI', 'ODFL', 'IDXX', 'MCHP', 'JD', 'NFLX', 'TSLA', 'NVDA']",10,2,2,0.2,0.00023999999999999998,1.0,1.0,1.0,1.0,1.0,,,False,False,False,False
2023-09-27,2023-09-27,2023-09-28,"['NVDA', 'META', 'ORCL', 'TSLA', 'IDXX', 'ADBE', 'JD', 'MCHP', 'NFLX', 'MELI']",10,1,1,0.1,0.00011999999999999999,1.0,1.0,1.0,1.0,1.0,,,False,False,False,False
2023-10-11,2023-10-11,2023-10-12,"['WDAY', 'IDXX', 'NFLX', 'NVDA', 'AMD', 'MELI', 'INTC', 'TSLA', 'ADBE', 'META']",10,3,3,0.3399949669407509,0.00040799396032890103,1.0,1.0,1.0,1.0,1.0,,,False,False,False,False
2023-10-25,2023-10-25,2023-10-26,"['MCHP', 'TSLA', 'IDXX', 'WDAY', 'AMD', 'META', 'ADBE', 'NVDA', 'INTC', 'MELI']",10,1,1,0.18665051975948235,0.0002239806237113788,1.0,1.0,1.0,1.0,1.0,,,False,False,False,False
2023-11-08,2023-11-08,2023-11-09,"['PANW', 'NVDA', 'TSLA', 'CDNS', 'IDXX', 'ADBE', 'MCHP', 'META', 'AMD', 'INTC']",10,2,2,0.2642643717490986,0.0003171172460989183,1.0,1.0,1.0,1.0,1.0,,,False,False,False,False
2023-11-22,2023-11-22,2023-11-24,"['META', 'SNPS', 'PAYX', 'VRSK', 'ADP', 'ADBE', 'INTC', 'QCOM', 'IDXX', 'CDNS']",10,5,5,0.5885495010748397,0.0007062594012898076,1.0,1.0,1.0,1.0,1.0,,,False,False,False,False
2023-12-07,2023-12-07,2023-12-08,"['SNPS', 'PANW', 'FAST', 'XEL', 'CDNS', 'IDXX', 'QCOM', 'ADBE', 'META', 'VRSK']",10,3,3,0.31999748347037543,0.00038399698016445047,1.0,1.0,1.0,1.0,1.0,,,False,False,False,False
2023-12-21,2023-12-21,2023-12-22,"['IDXX', 'AMD', 'DXCM', 'QCOM', 'SNPS', 'PANW', 'MELI', 'FAST', 'CDNS', 'VRSK']",10,3,3,0.31999748347037543,0.00038399698016445047,1.0,1.0,1.0,1.0,1.0,,,False,False,False,False
2024-01-23,2024-01-23,2024-01-24,"['AMD', 'NVDA', 'FAST', 'MELI', 'GILD', 'AVGO', 'QCOM', 'CDNS', 'SNPS', 'DXCM']",10,3,3,0.37331991250166097,0.00044798389500199314,1.0,1.0,1.0,1.0,1.0,,,False,False,False,False
2024-02-06,2024-02-06,2024-02-07,"['CHTR', 'XEL', 'AZN', 'EA', 'KDP', 'KHC', 'TMUS', 'HON', 'WBD', 'GILD']",10,9,9,0.9,0.00108,1.0,1.0,1.0,1.0,1.0,,,False,False,False,False
2024-02-21,2024-02-21,2024-02-22,"['INTC', 'AAPL', 'TSLA', 'LULU', 'ADBE', 'NVDA', 'GOOGL', 'VRSK', 'ORCL', 'WBD']",10,9,9,0.9,0.00108,1.0,1.0,1.0,1.0,1.0,,,False,False,False,False
2024-03-06,2024-03-06,2024-03-07,"['TSLA', 'PYPL', 'AAPL', 'XEL', 'ADBE', 'WBD', 'BIIB', 'LULU', 'ORCL', 'VRSK']",10,3,3,0.3599924504111264,0.0004319909404933516,1.0,1.0,1.0,1.0,1.0,,,False,False,False,False
2024-03-20,2024-03-20,2024-03-21,"['MELI', 'BKNG', 'ADBE', 'EA', 'WBD', 'XEL', 'AMGN', 'VRSK', 'AAPL', 'BIIB']",10,4,4,0.4,0.00047999999999999996,1.0,1.0,1.0,1.0,1.0,,,False,False,False,False
2024-04-04,2024-04-04,2024-04-05,"['ADBE', 'INTC', 'WBD', 'PANW', 'DLTR', 'TSLA', 'LULU', 'MELI', 'BIIB', 'AAPL']",10,5,5,0.5,0.0006,1.0,1.0,1.0,1.0,1.0,,,False,False,False,False
2024-04-18,2024-04-18,2024-04-19,"['AMD', 'AVGO', 'SNPS', 'CDNS', 'NVDA', 'MELI', 'INTC', 'ADBE', 'LULU', 'TSLA']",10,5,5,0.5571428571428572,0.0006685714285714285,1.0,1.0,1.0,1.0,1.0,,,False,False,False,False
2024-05-02,2024-05-02,2024-05-03,"['NVDA', 'AMD', 'AVGO', 'SNPS', 'LRCX', 'CDNS', 'META', 'CRM', 'KLAC', 'ADBE']",10,4,4,0.6666666666666666,0.0007999999999999999,1.0,1.0,1.0,1.0,1.0,,,False,False,False,False
2024-05-16,2024-05-16,2024-05-17,"['SBUX', 'ODFL', 'META', 'DXCM', 'WBD', 'NVDA', 'AMD', 'CDNS', 'SNPS', 'ADBE']",10,4,4,0.6022247387518467,0.000722669686502216,1.0,1.0,1.0,1.0,1.0,,,False,False,False,False
2024-05-31,2024-05-31,2024-06-03,"['WDAY', 'ILMN', 'FTNT', 'ADBE', 'INTU', 'ORCL', 'DXCM', 'EA', 'MNST', 'CDNS']",10,7,7,0.7466586979860182,0.0008959904375832219,1.0,1.0,1.0,1.0,1.0,,,False,False,False,False
2024-06-14,2024-06-14,2024-06-17,"['CRM', 'WDAY', 'INTU', 'LULU', 'INTC', 'WBD', 'CMCSA', 'CSX', 'MNST', 'DXCM']",10,6,6,0.6666561814563937,0.0007999874177476723,1.0,1.0,1.0,1.0,1.0,,,False,False,False,False
2024-07-01,2024-07-01,2024-07-02,"['PCAR', 'FAST', 'PYPL', 'WBD', 'XEL', 'LULU', 'DLTR', 'PAYX', 'CMCSA', 'MNST']",10,6,6,0.6000000000000001,0.00072,1.0,1.0,1.0,1.0,1.0,,,False,False,False,False
2024-07-16,2024-07-16,2024-07-17,"['TSLA', 'NVDA', 'QCOM', 'JD', 'MU', 'META', 'PAYX', 'LULU', 'DLTR', 'XEL']",10,6,6,0.6000000000000001,0.00072,1.0,1.0,1.0,1.0,1.0,,,False,False,False,False
2024-07-30,2024-07-30,2024-07-31,"['QCOM', 'AMAT', 'LRCX', 'KLAC', 'MU', 'AVGO', 'NVDA', 'SNPS', 'TSLA', 'META']",10,5,5,0.6499528239735298,0.0007799433887682358,1.0,1.0,1.0,1.0,1.0,,,False,False,False,False
2024-08-13,2024-08-13,2024-08-14,"['LRCX', 'AMAT', 'QCOM', 'MU', 'KLAC', 'CDNS', 'SNPS', 'AVGO', 'NVDA', 'TSLA']",10,1,1,0.2999370986313731,0.0003599245183576477,1.0,1.0,1.0,1.0,1.0,,,False,False,False,False
2024-08-27,2024-08-27,2024-08-28,"['INTC', 'AMZN', 'MU', 'LRCX', 'AMD', 'MCHP', 'SNPS', 'QCOM', 'AMAT', 'CDNS']",10,4,4,0.6666666666666666,0.0007999999999999999,1.0,1.0,1.0,1.0,1.0,,,False,False,False,False
2024-09-11,2024-09-11,2024-09-12,"['DXCM', 'MU', 'BIIB', 'INTC', 'SNPS', 'AMAT', 'LRCX', 'CDNS', 'MCHP', 'QCOM']",10,2,2,0.5555555555555556,0.0006666666666666666,1.0,1.0,1.0,1.0,1.0,,,False,False,False,False
2024-09-25,2024-09-25,2024-09-26,"['SNPS', 'MCHP', 'AMAT', 'QCOM', 'DXCM', 'INTC', 'MU', 'CDNS', 'LRCX', 'BIIB']",10,0,0,0.0,0.0,1.0,1.0,1.0,1.0,1.0,,,False,False,False,False
2024-10-09,2024-10-09,2024-10-10,"['DXCM', 'ADBE', 'BIIB', 'ROST', 'REGN', 'AZN', 'KDP', 'MNST', 'XEL', 'PEP']",10,8,8,0.8,0.0009599999999999999,1.0,1.0,1.0,1.0,1.0,,,False,False,False,False
2024-10-23,2024-10-23,2024-10-24,"['INTC', 'KLAC', 'MCHP', 'LRCX', 'AMAT', 'NVDA', 'DLTR', 'SNPS', 'TSLA', 'ADBE']",10,9,9,0.9375,0.001125,1.0,1.0,1.0,1.0,1.0,,,False,False,False,False
2024-11-06,2024-11-06,2024-11-07,"['KLAC', 'AMAT', 'LRCX', 'IDXX', 'AMD', 'EBAY', 'NVDA', 'MCHP', 'SNPS', 'DLTR']",10,3,3,0.4571099053523885,0.0005485318864228661,1.0,1.0,1.0,1.0,1.0,,,False,False,False,False
2024-11-20,2024-11-20,2024-11-21,"['AMD', 'KLAC', 'AMAT', 'LRCX', 'QCOM', 'AVGO', 'MCHP', 'IDXX', 'DLTR', 'SNPS']",10,2,2,0.29994758658947424,0.00035993710390736904,1.0,1.0,1.0,1.0,1.0,,,False,False,False,False
2024-12-05,2024-12-05,2024-12-06,"['MELI', 'MCHP', 'BIIB', 'JD', 'AMAT', 'KLAC', 'SNPS', 'AMGN', 'KHC', 'QCOM']",10,5,5,0.7499213732892164,0.0008999056479470596,1.0,1.0,1.0,1.0,1.0,,,False,False,False,False
2024-12-19,2024-12-19,2024-12-20,"['AMD', 'BIIB', 'MCHP', 'KLAC', 'INTC', 'AMAT', 'IDXX', 'QCOM', 'SNPS', 'MELI']",10,3,3,0.4742458130852334,0.0005690949757022801,1.0,1.0,1.0,1.0,1.0,,,False,False,False,False
2025-01-22,2025-01-22,2025-01-23,"['MU', 'CTAS', 'AAPL', 'MSFT', 'VRTX', 'AMD', 'AMAT', 'KLAC', 'INTC', 'BIIB']",10,5,5,0.5714135933419947,0.0006856963120103936,1.0,1.0,1.0,1.0,1.0,,,False,False,False,False
2025-02-05,2025-02-05,2025-02-06,"['MSFT', 'ORCL', 'NVDA', 'PYPL', 'TSLA', 'NFLX', 'META', 'AMZN', 'AAPL', 'INTC']",10,7,7,0.8285444680155906,0.0009942533616187086,1.0,1.0,1.0,1.0,1.0,,,False,False,False,False
2025-02-20,2025-02-20,2025-02-21,"['NVDA', 'AVGO', 'EA', 'MSFT', 'ORCL', 'META', 'AMZN', 'TSLA', 'AAPL', 'NFLX']",10,2,2,0.20000000000000004,0.00024000000000000003,1.0,1.0,1.0,1.0,1.0,,,False,False,False,False
2025-03-06,2025-03-06,2025-03-07,"['AVGO', 'NVDA', 'TSLA', 'MU', 'ORCL', 'AMZN', 'GOOGL', 'NFLX', 'META', 'MSFT']",10,2,2,0.2,0.00023999999999999998,1.0,1.0,1.0,1.0,1.0,,,False,False,False,False
2025-03-20,2025-03-20,2025-03-21,"['NVDA', 'AVGO', 'TSLA', 'MU', 'ORCL', 'LRCX', 'AMD', 'MSFT', 'AMZN', 'META']",10,2,2,0.35424832961485797,0.0004250979955378295,1.0,1.0,1.0,1.0,1.0,,,False,False,False,False
2025-04-03,2025-04-03,2025-04-04,"['NVDA', 'MU', 'AVGO', 'TSLA', 'MCHP', 'AMD', 'LRCX', 'ORCL', 'DXCM', 'META']",10,2,2,0.2571308746735958,0.00030855704960831495,1.0,1.0,1.0,1.0,1.0,,,False,False,False,False
2025-04-17,2025-04-17,2025-04-21,"['MCHP', 'NVDA', 'MU', 'AVGO', 'ORCL', 'TSLA', 'META', 'LRCX', 'MSFT', 'AMD']",10,1,1,0.24993186124731753,0.00029991823349678103,1.0,1.0,1.0,1.0,1.0,,,False,False,False,False
2025-05-02,2025-05-02,2025-05-05,"['MCHP', 'NFLX', 'WBD', 'MU', 'KHC', 'BIIB', 'COST', 'ADBE', 'MSFT', 'AVGO']",10,6,6,0.7999370986313731,0.0009599245183576476,1.0,1.0,1.0,1.0,1.0,,,False,False,False,False
2025-05-16,2025-05-16,2025-05-19,"['MDLZ', 'EA', 'KDP', 'MNST', 'MSFT', 'VRSK', 'PEP', 'KHC', 'TMUS', 'XEL']",10,8,8,0.8399949669407508,0.0010079939603289008,1.0,1.0,1.0,1.0,1.0,,,False,False,False,False
2025-06-02,2025-06-02,2025-06-03,"['REGN', 'VRTX', 'MNST', 'NFLX', 'EA', 'MSFT', 'MDLZ', 'XEL', 'KDP', 'VRSK']",10,3,3,0.3599924504111263,0.00043199094049335154,1.0,1.0,1.0,1.0,1.0,,,False,False,False,False
2025-06-16,2025-06-16,2025-06-17,"['MSFT', 'AAPL', 'COST', 'CHTR', 'SNPS', 'ORCL', 'HON', 'NFLX', 'XEL', 'KDP']",10,6,6,0.6000000000000001,0.00072,1.0,1.0,1.0,1.0,1.0,,,False,False,False,False
2025-07-01,2025-07-01,2025-07-02,"['MSFT', 'COST', 'NVDA', 'TSLA', 'AAPL', 'LULU', 'NFLX', 'ADP', 'KDP', 'HON']",10,4,4,0.4,0.00047999999999999996,1.0,1.0,1.0,1.0,1.0,,,False,False,False,False
2025-07-16,2025-07-16,2025-07-17,"['JD', 'LULU', 'BIIB', 'NVDA', 'FTNT', 'AAPL', 'COST', 'PAYX', 'TMUS', 'MSFT']",10,5,5,0.5,0.0006,1.0,1.0,1.0,1.0,1.0,,,False,False,False,False
2025-07-30,2025-07-30,2025-07-31,"['TSLA', 'LULU', 'AAPL', 'ODFL', 'INTC', 'NVDA', 'MSFT', 'FTNT', 'BIIB', 'JD']",10,3,3,0.37998993388150176,0.0004559879206578021,1.0,1.0,1.0,1.0,1.0,,,False,False,False,False
2025-08-13,2025-08-13,2025-08-14,"['TXN', 'TSLA', 'AAPL', 'MSFT', 'NFLX', 'AMZN', 'NVDA', 'FTNT', 'COST', 'CRM']",10,5,5,0.6133148794424118,0.0007359778553308941,1.0,1.0,1.0,1.0,1.0,,,False,False,False,False
2025-08-27,2025-08-27,2025-08-28,"['DXCM', 'AMZN', 'TSLA', 'AAPL', 'MSFT', 'CRM', 'NFLX', 'NVDA', 'FTNT', 'COST']",10,1,1,0.18665051975948235,0.0002239806237113788,1.0,1.0,1.0,1.0,1.0,,,False,False,False,False
2025-09-11,2025-09-11,2025-09-12,"['LULU', 'META', 'MSFT', 'NVDA', 'AMZN', 'AMAT', 'NFLX', 'AAPL', 'PYPL', 'DXCM']",10,4,4,0.45999245041112635,0.0005519909404933515,1.0,1.0,1.0,1.0,1.0,,,False,False,False,False
2025-09-25,2025-09-25,2025-09-26,"['MSFT', 'AMZN', 'AMGN', 'HON', 'COST', 'NFLX', 'META', 'DXCM', 'PYPL', 'LULU']",10,3,3,0.30000000000000004,0.00036,1.0,1.0,1.0,1.0,1.0,,,False,False,False,False
2025-10-09,2025-10-09,2025-10-10,"['CHTR', 'SBUX', 'VRSK', 'CMCSA', 'TXN', 'INTU', 'MSFT', 'HON', 'COST', 'LULU']",10,6,6,0.6000000000000001,0.00072,1.0,1.0,1.0,1.0,1.0,,,False,False,False,False
2025-10-23,2025-10-23,2025-10-24,"['NFLX', 'ODFL', 'MSFT', 'AMZN', 'NVDA', 'PYPL', 'ILMN', 'CHTR', 'COST', 'INTU']",10,6,6,0.6000000000000001,0.00072,1.0,1.0,1.0,1.0,1.0,,,False,False,False,False
2025-11-06,2025-11-06,2025-11-07,"['SNPS', 'DXCM', 'META', 'LULU', 'KDP', 'NVDA', 'MSFT', 'NFLX', 'AMZN', 'CHTR']",10,5,5,0.5,0.0006,1.0,1.0,1.0,1.0,1.0,,,False,False,False,False
2025-11-20,2025-11-20,2025-11-21,"['MELI', 'SNPS', 'PYPL', 'AMZN', 'LULU', 'META', 'NFLX', 'DXCM', 'MSFT', 'NVDA']",10,2,2,0.2,0.00023999999999999998,1.0,1.0,1.0,1.0,1.0,,,False,False,False,False
2025-12-05,2025-12-05,2025-12-08,"['SNPS', 'MCHP', 'NVDA', 'AMZN', 'TSLA', 'MELI', 'META', 'MSFT', 'PYPL', 'NFLX']",10,2,2,0.2,0.00023999999999999998,1.0,1.0,1.0,1.0,1.0,,,False,False,False,False
2025-12-19,2025-12-19,2025-12-22,"['TSLA', 'NVDA', 'AMZN', 'META', 'PYPL', 'NFLX', 'MSFT', 'MCHP', 'MELI', 'SNPS']",10,0,0,0.0,0.0,1.0,1.0,1.0,1.0,1.0,,,False,False,False,False
2026-01-21,2026-01-21,2026-01-22,"['ORCL', 'INTC', 'TSLA', 'LRCX', 'DXCM', 'AVGO', 'AMD', 'DLTR', 'MU', 'NVDA']",10,8,8,0.8428481560051969,0.0010114177872062363,1.0,1.0,1.0,1.0,1.0,,,False,False,False,False
2026-02-04,2026-02-04,2026-02-05,"['AMD', 'PYPL', 'MU', 'AVGO', 'ORCL', 'KLAC', 'LRCX', 'TSLA', 'INTC', 'NVDA']",10,2,2,0.4499108919261102,0.0005398930703113322,1.0,1.0,1.0,1.0,1.0,,,False,False,False,False
2026-02-19,2026-02-19,2026-02-20,"['AMD', 'ORCL', 'AVGO', 'INTU', 'PANW', 'PYPL', 'LRCX', 'KLAC', 'INTC', 'MU']",10,2,2,0.3499528239735297,0.00041994338876823564,1.0,1.0,1.0,1.0,1.0,,,False,False,False,False
